{
  "providers": [
    {
      "file": "ranks:item/tags/ah.png",
      "chars": [
        ""
      ],
      "height": 15,
      "ascent": 14,
      "type": "bitmap"
    },
    {
      "file": "ranks:item/tags/wild.png",
      "chars": [
        ""
      ],
      "height": 12,
      "ascent": 11,
      "type": "bitmap"
    },
    {
      "file": "ranks:item/tags/w.png",
      "chars": [
        ""
      ],
      "height": 9,
      "ascent": 8,
      "type": "bitmap"
    },
    {
      "file": "ranks:item/tags/helperplus.png",
      "chars": [
        ""
      ],
      "height": 9,
      "ascent": 8,
      "type": "bitmap"
    },
    {
      "file": "ranks:item/tags/logohalf1.png",
      "chars": [
        ""
      ],
      "height": 32,
      "ascent": 0,
      "type": "bitmap"
    },
    {
      "file": "ranks:item/tags/top_logo.png",
      "chars": [
        ""
      ],
      "height": 12,
      "ascent": 0,
      "type": "bitmap"
    },
    {
      ],
      "height": 24,
      "ascent": 0,
      "type": "bitmap"
    },
    {
      "file": "ranks:item/tags/jackpot.png",
      "chars": [
        ""
      ],
      "height": 24,
      "ascent": 0,
      "type": "bitmap"
    },
    {
      "file": "ranks:item/tags/jackpottext.png",
      "chars": [
        "ҧ"
      ],
      "height": 9,
      "ascent": 8,
      "type": "bitmap"
    },
    {
      "file": "ranks:item/tags/admin.png",
      "chars": [
        ""
      ],
      "height": 9,
      "ascent": 8,
      "type": "bitmap"
    },
    {
      "file": "ranks:item/tags/mod.png",
      "chars": [
        ""
      ],
      "height": 9,
      "ascent": 8,
      "type": "bitmap"
    },
    {
      "file": "ranks:item/tags/helper.png",
      "chars": [
        ""
      ],
      "height": 9,
      "ascent": 8,
      "type": "bitmap"
    },
    {
      "file": "ranks:item/tags/youtube.png",
      "chars": [
        ""
      ],
      "height": 9,
      "ascent": 8,
      "type": "bitmap"
    },
    {
      "file": "ranks:item/tags/dev.png",
      "chars": [
        ""
      ],
      "height": 9,
      "ascent": 8,
      "type": "bitmap"
    },
    {
      "file": "ranks:item/tags/owner.png",
      "chars": [
        ""
      ],
      "height": 9,
      "ascent": 8,
      "type": "bitmap"
    },
    {
      "file": "ranks:item/tags/peasant.png",
      "chars": [
        ""
      ],
      "height": 9,
      "ascent": 8,
      "type": "bitmap"
    },
    {
      "file": "ranks:item/tags/official.png",
      "chars": [
        ""
      ],
      "height": 9,
      "ascent": 8,
      "type": "bitmap"
    },
    {
      "file": "ranks:item/tags/noble.png",
      "chars": [
        ""
      ],
      "height": 9,
      "ascent": 8,
      "type": "bitmap"
    },
    {
      "file": "ranks:item/tags/prophet.png",
      "chars": [
        ""
      ],
      "height": 9,
      "ascent": 8,
      "type": "bitmap"
    },
    {
      "file": "ranks:item/tags/pharoah.png",
      "chars": [
        ""
      ],
      "height": 9,
      "ascent": 8,
      "type": "bitmap"
    },
    {
      "file": "ranks:item/tags/sheesh.png",
      "chars": [
        ""
      ],
      "height": 9,
      "ascent": 8,
      "type": "bitmap"
    },
    {
      "file": "ranks:item/tags/sussy.png",
      "chars": [
        ""
      ],
      "height": 9,
      "ascent": 8,
      "type": "bitmap"
    },
    {
      "file": "ranks:item/tags/player.png",
      "chars": [
        ""
      ],
      "height": 9,
      "ascent": 8,
      "type": "bitmap"
    },
    {
      "file": "ranks:item/tags/merchant.png",
      "chars": [
        ""
      ],
      "height": 9,
      "ascent": 8,
      "type": "bitmap"
    },
    {
      "file": "ranks:item/tags/supreme.png",
      "chars": [
        ""
      ],
      "height": 9,
      "ascent": 8,
      "type": "bitmap"
    },
    {
      "file": "ranks:item/tags/egirl.png",
      "chars": [
        ""
      ],
      "height": 9,
      "ascent": 8,
      "type": "bitmap"
    },
    {
      "file": "ranks:item/tags/rich.png",
      "chars": [
        ""
      ],
      "height": 9,
      "ascent": 8,
      "type": "bitmap"
    },
    {
      "file": "ranks:item/tags/hot.png",
      "chars": [
        ""
      ],
      "height": 9,
      "ascent": 8,
      "type": "bitmap"
    },
    {
      "file": "ranks:item/tags/hacker.png",
      "chars": [
        ""
      ],
      "height": 9,
      "ascent": 8,
      "type": "bitmap"
    },
    {
      "file": "ranks:item/tags/srmod.png",
      "chars": [
        ""
      ],
      "height": 9,
      "ascent": 8,
      "type": "bitmap"
    },
    {
      "file": "ranks:item/tags/gucci.png",
      "chars": [
        ""
      ],
      "height": 9,
      "ascent": 8,
      "type": "bitmap"
    },
    {
      "file": "ranks:item/tags/l.png",
      "chars": [
        ""
      ],
      "height": 9,
      "ascent": 8,
      "type": "bitmap"
    },
    {
      "file": "ranks:item/tags/eboy.png",
      "chars": [
        ""
      ],
      "height": 9,
      "ascent": 8,
      "type": "bitmap"
    },
    {
      "file": "ranks:item/tags/crown.png",
      "chars": [
        ""
      ],
      "height": 9,
      "ascent": 8,
      "type": "bitmap"
    },
    {
      "file": "ranks:item/tags/thicc.png",
      "chars": [
        ""
      ],
      "height": 9,
      "ascent": 8,
      "type": "bitmap"
    },
    {
      "file": "ranks:item/tags/pig.png",
      "chars": [
        ""
      ],
      "height": 9,
      "ascent": 8,
      "type": "bitmap"
    },
    {
      "file": "ranks:item/tags/twitch.png",
      "chars": [
        ""
      ],
      "height": 9,
      "ascent": 8,
      "type": "bitmap"
    },
    {
      "file": "ranks:item/tags/manager.png",
      "chars": [
        ""
      ],
      "height": 9,
      "ascent": 8,
      "type": "bitmap"
    },
    {
      "file": "ranks:item/tags/guide.png",
      "chars": [
        ""
      ],
      "height": 12,
      "ascent": 11,
      "type": "bitmap"
    },
    {
      "file": "ranks:item/tags/vote.png",
      "chars": [
        ""
      ],
      "height": 12,
      "ascent": 11,
      "type": "bitmap"
    },
    {
      "file": "ranks:item/tags/store.png",
      "chars": [
        ""
      ],
      "height": 12,
      "ascent": 11,
      "type": "bitmap"
    },
    {
      "file": "ranks:item/tags/rewards.png",
      "chars": [
        ""
      ],
      "height": 9,
      "ascent": 8,
      "type": "bitmap"
    },
    {
      "file": "ranks:item/tags/keys.png",
      "chars": [
        ""
      ],
      "height": 9,
      "ascent": 8,
      "type": "bitmap"
    },
    {
      "file": "ranks:item/tags/ranks.png",
      "chars": [
        ""
      ],
      "height": 9,
      "ascent": 8,
      "type": "bitmap"
    },
    {
      "file": "ranks:item/tags/tags.png",
      "chars": [
        ""
      ],
      "height": 9,
      "ascent": 8,
      "type": "bitmap"
    },
    {
      "file": "ranks:item/tags/click.png",
      "chars": [
        ""
      ],
      "height": 12,
      "ascent": 11,
      "type": "bitmap"
    },
    {
      "file": "ranks:item/tags/voter.png",
      "chars": [
        ""
      ],
      "height": 9,
      "ascent": 8,
      "type": "bitmap"
    },
    {
      "file": "ranks:item/tags/builder.png",
      "chars": [
        ""
      ],
      "height": 9,
      "ascent": 8,
      "type": "bitmap"
    },
    {
      "file": "ranks:item/tags/trash.png",
      "chars": [
        ""
      ],
      "height": 9,
      "ascent": 8,
      "type": "bitmap"
    },
    {
      "file": "ranks:item/tags/smallbuilder.png",
      "chars": [
        ""
      ],
      "height": 9,
      "ascent": 8,
      "type": "bitmap"
    },
    {
      "file": "ranks:item/tags/media.png",
      "chars": [
        ""
      ],
      "height": 9,
      "ascent": 8,
      "type": "bitmap"
    },
    {
      "file": "ranks:item/tags/jackpotmc.png",
      "chars": [
        ""
      ],
      "height": 64,
      "ascent": 8,
      "type": "bitmap"
    }
  ]
}