{"parent":"item/generated","textures":{"layer0":"item/cooked_cod"},
"overrides":[
  {"predicate":{"custom_model_data":1},"model":"littleroom_aquaticpack:cooked_hammerheadshark"},
  {"predicate":{"custom_model_data":2},"model":"littleroom_aquaticpack:cooked_oarfish"},
  {"predicate":{"custom_model_data":3},"model":"littleroom_aquaticpack:cooked_sardine"},
  {"predicate":{"custom_model_data":4},"model":"littleroom_aquaticpack:cooked_seahorse"},
  {"predicate":{"custom_model_data":5},"model":"littleroom_aquaticpack:cooked_swordfish"},
  {"predicate":{"custom_model_data":6},"model":"littleroom_aquaticpack:cooked_zebraturkeyfish"}]}