{"parent":"minecraft:item/generated","textures":{"layer0":"minecraft:item/diamond"},
"overrides":[
  {"predicate":{"custom_model_data":11000},"model":"jackpot:shards/enchanted_red_shard"},
  {"predicate":{"custom_model_data":11001},"model":"jackpot:shards/enchanted_green_shard"},
  {"predicate":{"custom_model_data":11002},"model":"jackpot:shards/enchanted_blue_shard"},
  {"predicate":{"custom_model_data":11003},"model":"jackpot:shards/enchanted_red_gem"},
  {"predicate":{"custom_model_data":11004},"model":"jackpot:shards/enchanted_green_gem"},
  {"predicate":{"custom_model_data":11005},"model":"jackpot:shards/enchanted_blue_gem"},
  {"predicate":{"custom_model_data":11006},"model":"item/diamond"}]}