{
  "parent": "minecraft:item/handheld",
  "textures": {
    "layer0": "minecraft:item/diamond_sword"
  },
  "overrides": [
    {
      "predicate": {
        "custom_model_data": 1
      },
      "model": "jackpot:warden/warden_sword"
    },
    {
      "predicate": {
        "custom_model_data": 2005
      },
      "model": "jackpot:warden/spear_of_hades"
    },
    {
      "predicate": {
        "custom_model_data": 10002
      },
      "model": "jackpot:stpatricksset/st_patricks_staff"
    },
    {
      "predicate": {
        "custom_model_data": 10008
      },
      "model": "jackpot:tools/pharaoh_staff"
    },
    {
      "predicate": {
        "custom_model_data": 10009
      },
      "model": "jackpot:tools/warden_sword"
    },
    {
      "predicate": {
        "custom_model_data": 10010
      },
      "model": "jackpot:taloc/weapons/macuahuitl"
    }
  ]
}