{
  "parent": "minecraft:item/handheld",
  "textures": {
    "layer0": "minecraft:item/feather"
  },
  "overrides": [
    {
      "predicate": {
        "custom_model_data": 5
      },
      "model": "item/toffy/clang_bot/clang_ai_controller"
    },
    {
      "predicate": {
        "custom_model_data": 6
      },
      "model": "item/toffy/clang_bot/clang_ai_helmet"
    },
    {
      "predicate": {
        "custom_model_data": 1640
      },
      "model": "item/toffy/xmasdecor/toffy_christmas_tree"
    },
    {
      "predicate": {
        "custom_model_data": 1641
      },
      "model": "item/toffy/xmasdecor/toffy_xmasdecor_hanging"
    },
    {
      "predicate": {
        "custom_model_data": 1642
      },
      "model": "item/toffy/xmasdecor/toffy_xmasdecor_basket"
    },
    {
      "predicate": {
        "custom_model_data": 1643
      },
      "model": "item/toffy/xmasdecor/toffy_xmasdecor_wreath"
    },
    {
      "predicate": {
        "custom_model_data": 1644
      },
      "model": "item/toffy/xmasdecor/toffy_xmasdecor_gift"
    },
    {
      "predicate": {
        "custom_model_data": 1645
      },
      "model": "item/toffy/xmasdecor/toffy_xmasdecor_giftlarge"
    },
    {
      "predicate": {
        "custom_model_data": 1646
      },
      "model": "item/toffy/xmasdecor/toffy_xmasdecor_santafigure"
    },
    {
      "predicate": {
        "custom_model_data": 1647
      },
      "model": "item/toffy/xmasdecor/toffy_xmasdecor_snowman"
    },
    {
      "predicate": {
        "custom_model_data": 1648
      },
      "model": "item/toffy/xmasdecor/toffy_xmasdecor_socks"
    },
    {
      "predicate": {
        "custom_model_data": 1649
      },
      "model": "item/toffy/xmasdecor/toffy_xmasdecor_balloons"
    },
    {
      "predicate": {
        "custom_model_data": 1740
      },
      "model": "jackpot:crates/toffy_crate_purple"
    },
    {
      "predicate": {
        "custom_model_data": 1741
      },
      "model": "jackpot:crates/toffy_crate_black"
    },
    {
      "predicate": {
        "custom_model_data": 1742
      },
      "model": "jackpot:crates/toffy_crate_blue"
    },
    {
      "predicate": {
        "custom_model_data": 1743
      },
      "model": "jackpot:crates/toffy_crate_red"
    },
    {
      "predicate": {
        "custom_model_data": 1744
      },
      "model": "jackpot:crates/toffy_crate_green"
    },
    {
      "predicate": {
        "custom_model_data": 1745
      },
      "model": "jackpot:crates/toffy_key_purple"
    },
    {
      "predicate": {
        "custom_model_data": 1746
      },
      "model": "jackpot:crates/toffy_key_black"
    },
    {
      "predicate": {
        "custom_model_data": 1747
      },
      "model": "jackpot:crates/toffy_key_blue"
    },
    {
      "predicate": {
        "custom_model_data": 1748
      },
      "model": "jackpot:crates/toffy_key_red"
    },
    {
      "predicate": {
        "custom_model_data": 1749
      },
      "model": "jackpot:crates/toffy_key_green"
    },
    {
      "predicate": {
        "custom_model_data": 1750
      },
      "model": "jackpot:crates/toffy_crate_cinder"
    },
    {
      "predicate": {
        "custom_model_data": 1751
      },
      "model": "jackpot:crates/toffy_crate_viking"
    },
    {
      "predicate": {
        "custom_model_data": 1752
      },
      "model": "jackpot:crates/toffy_crate_paladin"
    },
    {
      "predicate": {
        "custom_model_data": 1753
      },
      "model": "jackpot:crates/toffy_key_cinder"
    },
    {
      "predicate": {
        "custom_model_data": 1754
      },
      "model": "jackpot:crates/toffy_key_viking"
    },
    {
      "predicate": {
        "custom_model_data": 1755
      },
      "model": "jackpot:crates/toffy_key_paladin"
    },
    {
      "predicate": {
        "custom_model_data": 10000
      },
      "model": "jackpot:crates/votekey"
    },
    {
      "predicate": {
        "custom_model_data": 10000
      },
      "model": "jackpot:crates/votekey"
    },
    {
      "predicate": {
        "custom_model_data": 10001
      },
      "model": "jackpot:crates/mythickey"
    },
    {
      "predicate": {
        "custom_model_data": 10001
      },
      "model": "jackpot:crates/mythickey"
    },
    {
      "predicate": {
        "custom_model_data": 10002
      },
      "model": "jackpot:crates/legendarykey"
    },
    {
      "predicate": {
        "custom_model_data": 10002
      },
      "model": "jackpot:crates/legendarykey"
    },
    {
      "predicate": {
        "custom_model_data": 10049
      },
      "model": "minecraft:item/feather"
    },
    {
      "predicate": {
        "custom_model_data": 10050
      },
      "model": "item/feather"
    },
    {
      "predicate": {
        "custom_model_data": 10051
      },
      "model": "jackpot:keys/boss_key"
    },
    {
      "predicate": {
        "custom_model_data": 10052
      },
      "model": "jackpot:keys/god_key"
    },
    {
      "predicate": {
        "custom_model_data": 10053
      },
      "model": "jackpot:keys/premium_key"
    },
    {
      "predicate": {
        "custom_model_data": 10054
      },
      "model": "jackpot:keys/seasonal_key"
    },
    {
      "predicate": {
        "custom_model_data": 10055
      },
      "model": "jackpot:keys/vote_key"
    },
    {
      "predicate": {
        "custom_model_data": 10056
      },
      "model": "jackpot:pets/pet_bee"
    },
    {
      "predicate": {
        "custom_model_data": 10057
      },
      "model": "jackpot:pets/pet_cashregister"
    },
    {
      "predicate": {
        "custom_model_data": 10058
      },
      "model": "jackpot:pets/pet_devil"
    },
    {
      "predicate": {
        "custom_model_data": 10059
      },
      "model": "jackpot:pets/pet_dumbell"
    },
    {
      "predicate": {
        "custom_model_data": 10060
      },
      "model": "jackpot:pets/pet_ghast"
    },
    {
      "predicate": {
        "custom_model_data": 10061
      },
      "model": "jackpot:pets/pet_hawk"
    },
    {
      "predicate": {
        "custom_model_data": 10062
      },
      "model": "jackpot:pets/pet_heart"
    },
    {
      "predicate": {
        "custom_model_data": 10063
      },
      "model": "jackpot:pets/pet_ufo"
    },
    {
      "predicate": {
        "custom_model_data": 10064
      },
      "model": "jackpot:candy/candy"
    },
    {
      "predicate": {
        "custom_model_data": 10065
      },
      "model": "jackpot:halloween/bs_halloween_bat_wall_decor"
    },
    {
      "predicate": {
        "custom_model_data": 10066
      },
      "model": "jackpot:halloween/bs_halloween_bones_1"
    },
    {
      "predicate": {
        "custom_model_data": 10067
      },
      "model": "jackpot:halloween/bs_halloween_bones_2"
    },
    {
      "predicate": {
        "custom_model_data": 10068
      },
      "model": "jackpot:halloween/bs_halloween_bones_3"
    },
    {
      "predicate": {
        "custom_model_data": 10069
      },
      "model": "jackpot:halloween/bs_halloween_bones_4"
    },
    {
      "predicate": {
        "custom_model_data": 10070
      },
      "model": "jackpot:halloween/bs_halloween_candy_1"
    },
    {
      "predicate": {
        "custom_model_data": 10071
      },
      "model": "jackpot:halloween/bs_halloween_candy_2"
    },
    {
      "predicate": {
        "custom_model_data": 10072
      },
      "model": "jackpot:halloween/bs_halloween_candy_3"
    },
    {
      "predicate": {
        "custom_model_data": 10073
      },
      "model": "jackpot:halloween/bs_halloween_candy_4"
    },
    {
      "predicate": {
        "custom_model_data": 10074
      },
      "model": "jackpot:halloween/bs_halloween_candy_5"
    },
    {
      "predicate": {
        "custom_model_data": 10075
      },
      "model": "jackpot:halloween/bs_halloween_candy_6"
    },
    {
      "predicate": {
        "custom_model_data": 10076
      },
      "model": "jackpot:halloween/bs_halloween_candy_7"
    },
    {
      "predicate": {
        "custom_model_data": 10077
      },
      "model": "jackpot:halloween/bs_halloween_candy_8"
    },
    {
      "predicate": {
        "custom_model_data": 10078
      },
      "model": "jackpot:halloween/bs_halloween_cobweb_1"
    },
    {
      "predicate": {
        "custom_model_data": 10079
      },
      "model": "jackpot:halloween/bs_halloween_cobweb_2"
    },
    {
      "predicate": {
        "custom_model_data": 10080
      },
      "model": "jackpot:halloween/bs_halloween_cobweb_3"
    },
    {
      "predicate": {
        "custom_model_data": 10081
      },
      "model": "jackpot:halloween/bs_halloween_cobweb_4"
    },
    {
      "predicate": {
        "custom_model_data": 10082
      },
      "model": "jackpot:halloween/bs_halloween_cobweb_5"
    },
    {
      "predicate": {
        "custom_model_data": 10083
      },
      "model": "jackpot:halloween/bs_halloween_cobweb_6"
    },
    {
      "predicate": {
        "custom_model_data": 10084
      },
      "model": "jackpot:halloween/bs_halloween_cobweb_7"
    },
    {
      "predicate": {
        "custom_model_data": 10085
      },
      "model": "jackpot:halloween/bs_halloween_frozen_bones_1"
    },
    {
      "predicate": {
        "custom_model_data": 10086
      },
      "model": "jackpot:halloween/bs_halloween_frozen_bones_2"
    },
    {
      "predicate": {
        "custom_model_data": 10087
      },
      "model": "jackpot:halloween/bs_halloween_frozen_bones_3"
    },
    {
      "predicate": {
        "custom_model_data": 10088
      },
      "model": "jackpot:halloween/bs_halloween_frozen_bones_4"
    },
    {
      "predicate": {
        "custom_model_data": 10089
      },
      "model": "jackpot:halloween/bs_halloween_frozen_skeletal_remains_1"
    },
    {
      "predicate": {
        "custom_model_data": 10090
      },
      "model": "jackpot:halloween/bs_halloween_frozen_skeletal_remains_2"
    },
    {
      "predicate": {
        "custom_model_data": 10091
      },
      "model": "jackpot:halloween/bs_halloween_gravestone_1"
    },
    {
      "predicate": {
        "custom_model_data": 10092
      },
      "model": "jackpot:halloween/bs_halloween_gravestone_2"
    },
    {
      "predicate": {
        "custom_model_data": 10093
      },
      "model": "jackpot:halloween/bs_halloween_gravestone_3"
    },
    {
      "predicate": {
        "custom_model_data": 10094
      },
      "model": "jackpot:halloween/bs_halloween_gravestone_4"
    },
    {
      "predicate": {
        "custom_model_data": 10095
      },
      "model": "jackpot:halloween/bs_halloween_jack_candy_pail"
    },
    {
      "predicate": {
        "custom_model_data": 10096
      },
      "model": "jackpot:halloween/bs_halloween_jack_o_lantern_classic"
    },
    {
      "predicate": {
        "custom_model_data": 10097
      },
      "model": "jackpot:halloween/bs_halloween_jack_o_lantern_evil"
    },
    {
      "predicate": {
        "custom_model_data": 10098
      },
      "model": "jackpot:halloween/bs_halloween_jack_o_lantern_heart"
    },
    {
      "predicate": {
        "custom_model_data": 10099
      },
      "model": "jackpot:halloween/bs_halloween_jack_o_lantern_moon"
    },
    {
      "predicate": {
        "custom_model_data": 10100
      },
      "model": "jackpot:halloween/bs_halloween_jack_o_lantern_sad"
    },
    {
      "predicate": {
        "custom_model_data": 10101
      },
      "model": "jackpot:halloween/bs_halloween_jack_o_lantern_skull"
    },
    {
      "predicate": {
        "custom_model_data": 10102
      },
      "model": "jackpot:halloween/bs_halloween_jack_o_lantern_terrified"
    },
    {
      "predicate": {
        "custom_model_data": 10103
      },
      "model": "jackpot:halloween/bs_halloween_jack_o_lantern_wink"
    },
    {
      "predicate": {
        "custom_model_data": 10104
      },
      "model": "jackpot:halloween/bs_halloween_light_bag_2"
    },
    {
      "predicate": {
        "custom_model_data": 10105
      },
      "model": "jackpot:halloween/bs_halloween_light_bag_3"
    },
    {
      "predicate": {
        "custom_model_data": 10106
      },
      "model": "jackpot:halloween/bs_halloween_light_bag_4"
    },
    {
      "predicate": {
        "custom_model_data": 10107
      },
      "model": "jackpot:halloween/bs_halloween_light_bag"
    },
    {
      "predicate": {
        "custom_model_data": 10108
      },
      "model": "jackpot:halloween/bs_halloween_mask_clown"
    },
    {
      "predicate": {
        "custom_model_data": 10109
      },
      "model": "jackpot:halloween/bs_halloween_mask_demon"
    },
    {
      "predicate": {
        "custom_model_data": 10110
      },
      "model": "jackpot:halloween/bs_halloween_mask_frankenstein"
    },
    {
      "predicate": {
        "custom_model_data": 10111
      },
      "model": "jackpot:halloween/bs_halloween_mask_scarecrow"
    },
    {
      "predicate": {
        "custom_model_data": 10112
      },
      "model": "jackpot:halloween/bs_halloween_mask_viking"
    },
    {
      "predicate": {
        "custom_model_data": 10113
      },
      "model": "jackpot:halloween/bs_halloween_mask_witch"
    },
    {
      "predicate": {
        "custom_model_data": 10114
      },
      "model": "jackpot:halloween/bs_halloween_scarecrow"
    },
    {
      "predicate": {
        "custom_model_data": 10115
      },
      "model": "jackpot:halloween/bs_halloween_skeletal_remains_1"
    },
    {
      "predicate": {
        "custom_model_data": 10116
      },
      "model": "jackpot:halloween/bs_halloween_skeletal_remains_2"
    },
    {
      "predicate": {
        "custom_model_data": 10117
      },
      "model": "jackpot:halloween/bs_halloween_skull_candle"
    }
  ]
}