{
  "parent": "item/handheld_rod",
  "textures": {
    "layer0": "item/fishing_rod"
  },
  "overrides": [
    {
      "predicate": {
        "cast": 1
      },
      "model": "item/fishing_rod_cast"
    },
    {
      "predicate": {
        "custom_model_data": 50001
      },
      "model": "customfishing:item/rod/nature_fishing_rod"
    },
    {
      "predicate": {
        "cast": 1,
        "custom_model_data": 50001
      },
      "model": "customfishing:item/rod/nature_fishing_rod_cast"
    },
    {
      "predicate": {
        "custom_model_data": 50002
      },
      "model": "customfishing:item/rod/silver_fishing_rod"
    },
    {
      "predicate": {
        "cast": 1,
        "custom_model_data": 50002
      },
      "model": "customfishing:item/rod/silver_fishing_rod_cast"
    },
    {
      "predicate": {
        "custom_model_data": 50003
      },
      "model": "customfishing:item/rod/golden_fishing_rod"
    },
    {
      "predicate": {
        "cast": 1,
        "custom_model_data": 50003
      },
      "model": "customfishing:item/rod/golden_fishing_rod_cast"
    },
    {
      "predicate": {
        "custom_model_data": 50004
      },
      "model": "customfishing:item/rod/star_fishing_rod"
    },
    {
      "predicate": {
        "cast": 1,
        "custom_model_data": 50004
      },
      "model": "customfishing:item/rod/star_fishing_rod_cast"
    },
    {
      "predicate": {
        "custom_model_data": 10006
      },
      "model": "minecraft:item/fishing_rod"
    }
  ]
}