{"parent":"minecraft:item/generated","textures":{"layer0":"minecraft:item/leather_horse_armor"},"overrides":[{"predicate":{"custom_model_data":1},"model":"modelengine:barrel_explosive/body"},{"predicate":{"custom_model_data":2},"model":"modelengine:barrel_poison/body"},{"predicate":{"custom_model_data":3},"model":"modelengine:bear/govdearka"},{"predicate":{"custom_model_data":4},"model":"modelengine:bear/bear"},{"predicate":{"custom_model_data":5},"model":"modelengine:bear/head"},{"predicate":{"custom_model_data":6},"model":"modelengine:bear/on_ayak_1"},{"predicate":{"custom_model_data":7},"model":"modelengine:bear/ayakon_1"},{"predicate":{"custom_model_data":8},"model":"modelengine:bear/ayakon_2"},{"predicate":{"custom_model_data":9},"model":"modelengine:bear/on_ayak_2"},{"predicate":{"custom_model_data":10},"model":"modelengine:bear/ayakon2_1"},{"predicate":{"custom_model_data":11},"model":"modelengine:bear/ayakon2_2"},{"predicate":{"custom_model_data":12},"model":"modelengine:bear/arka_ayak_1"},{"predicate":{"custom_model_data":13},"model":"modelengine:bear/ayakarka_kemik3"},{"predicate":{"custom_model_data":14},"model":"modelengine:bear/ayakarka_kemik2"},{"predicate":{"custom_model_data":15},"model":"modelengine:bear/arka_ayak_2"},{"predicate":{"custom_model_data":16},"model":"modelengine:bear/ayakarka_kemik_1"},{"predicate":{"custom_model_data":17},"model":"modelengine:bear/ayakarka_kemik_2"},{"predicate":{"custom_model_data":18},"model":"modelengine:bear_black/left_thigh"},{"predicate":{"custom_model_data":19},"model":"modelengine:bear_black/left_leg"},{"predicate":{"custom_model_data":20},"model":"modelengine:bear_black/left_ankle"},{"predicate":{"custom_model_data":21},"model":"modelengine:bear_black/left_foot"},{"predicate":{"custom_model_data":22},"model":"modelengine:bear_black/right_thigh"},{"predicate":{"custom_model_data":23},"model":"modelengine:bear_black/right_leg"},{"predicate":{"custom_model_data":24},"model":"modelengine:bear_black/right_ankle"},{"predicate":{"custom_model_data":25},"model":"modelengine:bear_black/right_foot"},{"predicate":{"custom_model_data":26},"model":"modelengine:bear_black/upper_body"},{"predicate":{"custom_model_data":27},"model":"modelengine:bear_black/stomach"},{"predicate":{"custom_model_data":28},"model":"modelengine:bear_black/left_arm"},{"predicate":{"custom_model_data":29},"model":"modelengine:bear_black/left_wrist"},{"predicate":{"custom_model_data":30},"model":"modelengine:bear_black/left_hand"},{"predicate":{"custom_model_data":31},"model":"modelengine:bear_black/right_arm"},{"predicate":{"custom_model_data":32},"model":"modelengine:bear_black/right_wrist"},{"predicate":{"custom_model_data":33},"model":"modelengine:bear_black/right_hand"},{"predicate":{"custom_model_data":34},"model":"modelengine:bear_black/head"},{"predicate":{"custom_model_data":35},"model":"modelengine:bear_black/jaw"},{"predicate":{"custom_model_data":36},"model":"modelengine:bear_black/honeycomb"},{"predicate":{"custom_model_data":37},"model":"modelengine:bear_black/fish"},{"predicate":{"custom_model_data":38},"model":"modelengine:bear_black/head_honey"},{"predicate":{"custom_model_data":39},"model":"modelengine:bear_black/jaw_honey"},{"predicate":{"custom_model_data":40},"model":"modelengine:bear_brown/left_thigh"},{"predicate":{"custom_model_data":41},"model":"modelengine:bear_brown/left_leg"},{"predicate":{"custom_model_data":42},"model":"modelengine:bear_brown/left_ankle"},{"predicate":{"custom_model_data":43},"model":"modelengine:bear_brown/left_foot"},{"predicate":{"custom_model_data":44},"model":"modelengine:bear_brown/right_thigh"},{"predicate":{"custom_model_data":45},"model":"modelengine:bear_brown/right_leg"},{"predicate":{"custom_model_data":46},"model":"modelengine:bear_brown/right_ankle"},{"predicate":{"custom_model_data":47},"model":"modelengine:bear_brown/right_foot"},{"predicate":{"custom_model_data":48},"model":"modelengine:bear_brown/upper_body"},{"predicate":{"custom_model_data":49},"model":"modelengine:bear_brown/stomach"},{"predicate":{"custom_model_data":50},"model":"modelengine:bear_brown/left_arm"},{"predicate":{"custom_model_data":51},"model":"modelengine:bear_brown/left_wrist"},{"predicate":{"custom_model_data":52},"model":"modelengine:bear_brown/left_hand"},{"predicate":{"custom_model_data":53},"model":"modelengine:bear_brown/right_arm"},{"predicate":{"custom_model_data":54},"model":"modelengine:bear_brown/right_wrist"},{"predicate":{"custom_model_data":55},"model":"modelengine:bear_brown/right_hand"},{"predicate":{"custom_model_data":56},"model":"modelengine:bear_brown/head"},{"predicate":{"custom_model_data":57},"model":"modelengine:bear_brown/jaw"},{"predicate":{"custom_model_data":58},"model":"modelengine:bear_brown/honeycomb"},{"predicate":{"custom_model_data":59},"model":"modelengine:bear_brown/fish"},{"predicate":{"custom_model_data":60},"model":"modelengine:bear_brown/head_honey"},{"predicate":{"custom_model_data":61},"model":"modelengine:bear_brown/jaw_honey"},{"predicate":{"custom_model_data":62},"model":"modelengine:bear_brown/saddle"},{"predicate":{"custom_model_data":63},"model":"modelengine:bear_panda/left_thigh"},{"predicate":{"custom_model_data":64},"model":"modelengine:bear_panda/left_leg"},{"predicate":{"custom_model_data":65},"model":"modelengine:bear_panda/left_ankle"},{"predicate":{"custom_model_data":66},"model":"modelengine:bear_panda/left_foot"},{"predicate":{"custom_model_data":67},"model":"modelengine:bear_panda/right_thigh"},{"predicate":{"custom_model_data":68},"model":"modelengine:bear_panda/right_leg"},{"predicate":{"custom_model_data":69},"model":"modelengine:bear_panda/right_ankle"},{"predicate":{"custom_model_data":70},"model":"modelengine:bear_panda/right_foot"},{"predicate":{"custom_model_data":71},"model":"modelengine:bear_panda/upper_body"},{"predicate":{"custom_model_data":72},"model":"modelengine:bear_panda/stomach"},{"predicate":{"custom_model_data":73},"model":"modelengine:bear_panda/left_arm"},{"predicate":{"custom_model_data":74},"model":"modelengine:bear_panda/left_wrist"},{"predicate":{"custom_model_data":75},"model":"modelengine:bear_panda/left_hand"},{"predicate":{"custom_model_data":76},"model":"modelengine:bear_panda/right_arm"},{"predicate":{"custom_model_data":77},"model":"modelengine:bear_panda/right_wrist"},{"predicate":{"custom_model_data":78},"model":"modelengine:bear_panda/right_hand"},{"predicate":{"custom_model_data":79},"model":"modelengine:bear_panda/head"},{"predicate":{"custom_model_data":80},"model":"modelengine:bear_panda/jaw"},{"predicate":{"custom_model_data":81},"model":"modelengine:bear_panda/bamboo"},{"predicate":{"custom_model_data":82},"model":"modelengine:bear_panda/saddle"},{"predicate":{"custom_model_data":83},"model":"modelengine:bear_polar/left_thigh"},{"predicate":{"custom_model_data":84},"model":"modelengine:bear_polar/left_leg"},{"predicate":{"custom_model_data":85},"model":"modelengine:bear_polar/left_ankle"},{"predicate":{"custom_model_data":86},"model":"modelengine:bear_polar/left_foot"},{"predicate":{"custom_model_data":87},"model":"modelengine:bear_polar/right_thigh"},{"predicate":{"custom_model_data":88},"model":"modelengine:bear_polar/right_leg"},{"predicate":{"custom_model_data":89},"model":"modelengine:bear_polar/right_ankle"},{"predicate":{"custom_model_data":90},"model":"modelengine:bear_polar/right_foot"},{"predicate":{"custom_model_data":91},"model":"modelengine:bear_polar/upper_body"},{"predicate":{"custom_model_data":92},"model":"modelengine:bear_polar/stomach"},{"predicate":{"custom_model_data":93},"model":"modelengine:bear_polar/left_arm"},{"predicate":{"custom_model_data":94},"model":"modelengine:bear_polar/left_wrist"},{"predicate":{"custom_model_data":95},"model":"modelengine:bear_polar/left_hand"},{"predicate":{"custom_model_data":96},"model":"modelengine:bear_polar/right_arm"},{"predicate":{"custom_model_data":97},"model":"modelengine:bear_polar/right_wrist"},{"predicate":{"custom_model_data":98},"model":"modelengine:bear_polar/right_hand"},{"predicate":{"custom_model_data":99},"model":"modelengine:bear_polar/head"},{"predicate":{"custom_model_data":100},"model":"modelengine:bear_polar/jaw"},{"predicate":{"custom_model_data":101},"model":"modelengine:bear_polar/honeycomb"},{"predicate":{"custom_model_data":102},"model":"modelengine:bear_polar/fish"},{"predicate":{"custom_model_data":103},"model":"modelengine:bear_polar/head_honey"},{"predicate":{"custom_model_data":104},"model":"modelengine:bear_polar/jaw_honey"},{"predicate":{"custom_model_data":105},"model":"modelengine:bear_polar/saddle"},{"predicate":{"custom_model_data":106},"model":"modelengine:ber/head"},{"predicate":{"custom_model_data":107},"model":"modelengine:ber/body_up"},{"predicate":{"custom_model_data":108},"model":"modelengine:ber/body_down"},{"predicate":{"custom_model_data":109},"model":"modelengine:ber/mid_sh_down"},{"predicate":{"custom_model_data":110},"model":"modelengine:ber/right_sh_down"},{"predicate":{"custom_model_data":111},"model":"modelengine:ber/left_sh_down"},{"predicate":{"custom_model_data":112},"model":"modelengine:ber/right_up"},{"predicate":{"custom_model_data":113},"model":"modelengine:ber/right_down"},{"predicate":{"custom_model_data":114},"model":"modelengine:ber/staff"},{"predicate":{"custom_model_data":115},"model":"modelengine:ber/magic_1"},{"predicate":{"custom_model_data":116},"model":"modelengine:ber/left_up"},{"predicate":{"custom_model_data":117},"model":"modelengine:ber/left_down"},{"predicate":{"custom_model_data":118},"model":"modelengine:ber/chain_1"},{"predicate":{"custom_model_data":119},"model":"modelengine:ber/chain_2"},{"predicate":{"custom_model_data":120},"model":"modelengine:ber/chain_3"},{"predicate":{"custom_model_data":121},"model":"modelengine:ber/chain_4"},{"predicate":{"custom_model_data":122},"model":"modelengine:ber/chain_5"},{"predicate":{"custom_model_data":123},"model":"modelengine:ber/l1"},{"predicate":{"custom_model_data":124},"model":"modelengine:ber/l2"},{"predicate":{"custom_model_data":125},"model":"modelengine:ber_chain/chain_1"},{"predicate":{"custom_model_data":126},"model":"modelengine:ber_chain/chain_2"},{"predicate":{"custom_model_data":127},"model":"modelengine:ber_chain/chain_3"},{"predicate":{"custom_model_data":128},"model":"modelengine:ber_chain/chain_4"},{"predicate":{"custom_model_data":129},"model":"modelengine:ber_chain/chain_5"},{"predicate":{"custom_model_data":130},"model":"modelengine:ber_fish/body"},{"predicate":{"custom_model_data":131},"model":"modelengine:ber_fish/tal_1"},{"predicate":{"custom_model_data":132},"model":"modelengine:ber_fish/tal_2"},{"predicate":{"custom_model_data":133},"model":"modelengine:ber_fish/tal_3"},{"predicate":{"custom_model_data":134},"model":"modelengine:ber_lan/body"},{"predicate":{"custom_model_data":135},"model":"modelengine:ber_lan/main"},{"predicate":{"custom_model_data":136},"model":"modelengine:ber_laser/l1"},{"predicate":{"custom_model_data":137},"model":"modelengine:ber_laser/l2"},{"predicate":{"custom_model_data":138},"model":"modelengine:ber_laser/l1_2"},{"predicate":{"custom_model_data":139},"model":"modelengine:ber_laser/l2_2"},{"predicate":{"custom_model_data":140},"model":"modelengine:ber_laser/l1_3"},{"predicate":{"custom_model_data":141},"model":"modelengine:ber_laser/l2_3"},{"predicate":{"custom_model_data":142},"model":"modelengine:ber_laser/l1_4"},{"predicate":{"custom_model_data":143},"model":"modelengine:ber_laser/l2_4"},{"predicate":{"custom_model_data":144},"model":"modelengine:ber_laser/l1_5"},{"predicate":{"custom_model_data":145},"model":"modelengine:ber_laser/l2_5"},{"predicate":{"custom_model_data":146},"model":"modelengine:ber_lore/cr1"},{"predicate":{"custom_model_data":147},"model":"modelengine:ber_lore/bone4"},{"predicate":{"custom_model_data":148},"model":"modelengine:ber_lore/bone2"},{"predicate":{"custom_model_data":149},"model":"modelengine:ber_lore/bone"},{"predicate":{"custom_model_data":150},"model":"modelengine:ber_lore/bone3"},{"predicate":{"custom_model_data":151},"model":"modelengine:ber_lore/bone9"},{"predicate":{"custom_model_data":152},"model":"modelengine:ber_lore/bone10"},{"predicate":{"custom_model_data":153},"model":"modelengine:ber_lore/bone6"},{"predicate":{"custom_model_data":154},"model":"modelengine:ber_lore/bone11"},{"predicate":{"custom_model_data":155},"model":"modelengine:ber_lore/bone8"},{"predicate":{"custom_model_data":156},"model":"modelengine:ber_lore/bone7"},{"predicate":{"custom_model_data":157},"model":"modelengine:ber_magic_1/a1"},{"predicate":{"custom_model_data":158},"model":"modelengine:ber_magic_1/a2"},{"predicate":{"custom_model_data":159},"model":"modelengine:ber_magic_1/a3"},{"predicate":{"custom_model_data":160},"model":"modelengine:ber_magic_1/a4"},{"predicate":{"custom_model_data":161},"model":"modelengine:ber_magic_1_ed/a1"},{"predicate":{"custom_model_data":162},"model":"modelengine:ber_magic_1_ed/a2"},{"predicate":{"custom_model_data":163},"model":"modelengine:ber_magic_1_ed/a3"},{"predicate":{"custom_model_data":164},"model":"modelengine:ber_magic_1_ed/a4"},{"predicate":{"custom_model_data":165},"model":"modelengine:ber_magic_1_ed/b1"},{"predicate":{"custom_model_data":166},"model":"modelengine:ber_magic_1_ed/b2"},{"predicate":{"custom_model_data":167},"model":"modelengine:ber_magic_1_ed/b3"},{"predicate":{"custom_model_data":168},"model":"modelengine:ber_magic_1_ed/b4"},{"predicate":{"custom_model_data":169},"model":"modelengine:ber_magic_1_ed/c1"},{"predicate":{"custom_model_data":170},"model":"modelengine:ber_magic_1_ed/c2"},{"predicate":{"custom_model_data":171},"model":"modelengine:ber_magic_1_ed/c3"},{"predicate":{"custom_model_data":172},"model":"modelengine:ber_magic_1_ed/c4"},{"predicate":{"custom_model_data":173},"model":"modelengine:ber_magic_1_ed/d1"},{"predicate":{"custom_model_data":174},"model":"modelengine:ber_magic_1_ed/d2"},{"predicate":{"custom_model_data":175},"model":"modelengine:ber_magic_1_ed/d3"},{"predicate":{"custom_model_data":176},"model":"modelengine:ber_magic_1_ed/d4"},{"predicate":{"custom_model_data":177},"model":"modelengine:ber_magic_1_ed/e1"},{"predicate":{"custom_model_data":178},"model":"modelengine:ber_magic_1_ed/e2"},{"predicate":{"custom_model_data":179},"model":"modelengine:ber_magic_1_ed/e3"},{"predicate":{"custom_model_data":180},"model":"modelengine:ber_magic_1_ed/e4"},{"predicate":{"custom_model_data":181},"model":"modelengine:ber_magic_1_ed/g1"},{"predicate":{"custom_model_data":182},"model":"modelengine:ber_magic_1_ed/g2"},{"predicate":{"custom_model_data":183},"model":"modelengine:ber_magic_1_ed/g3"},{"predicate":{"custom_model_data":184},"model":"modelengine:ber_magic_1_ed/g4"},{"predicate":{"custom_model_data":185},"model":"modelengine:ber_magic_1_ed/h1"},{"predicate":{"custom_model_data":186},"model":"modelengine:ber_magic_1_ed/h2"},{"predicate":{"custom_model_data":187},"model":"modelengine:ber_magic_1_ed/h3"},{"predicate":{"custom_model_data":188},"model":"modelengine:ber_magic_1_ed/h4"},{"predicate":{"custom_model_data":189},"model":"modelengine:ber_pounch/main"},{"predicate":{"custom_model_data":190},"model":"modelengine:black_silver_crate/up"},{"predicate":{"custom_model_data":191},"model":"modelengine:black_silver_crate/down"},{"predicate":{"custom_model_data":192},"model":"modelengine:black_silver_crate/handle_1"},{"predicate":{"custom_model_data":193},"model":"modelengine:black_silver_crate/handle_2"},{"predicate":{"custom_model_data":194},"model":"modelengine:blue_light_blue_crate/up"},{"predicate":{"custom_model_data":195},"model":"modelengine:blue_light_blue_crate/down"},{"predicate":{"custom_model_data":196},"model":"modelengine:blue_light_blue_crate/handle_1"},{"predicate":{"custom_model_data":197},"model":"modelengine:blue_light_blue_crate/handle_2"},{"predicate":{"custom_model_data":198},"model":"modelengine:boulder/body"},{"predicate":{"custom_model_data":199},"model":"modelengine:brown_silver_crate/up"},{"predicate":{"custom_model_data":200},"model":"modelengine:brown_silver_crate/down"},{"predicate":{"custom_model_data":201},"model":"modelengine:brown_silver_crate/handle_1"},{"predicate":{"custom_model_data":202},"model":"modelengine:brown_silver_crate/handle_2"},{"predicate":{"custom_model_data":203},"model":"modelengine:butcher/butcher"},{"predicate":{"custom_model_data":204},"model":"modelengine:butcher/leftarm"},{"predicate":{"custom_model_data":205},"model":"modelengine:butcher/lefthand"},{"predicate":{"custom_model_data":206},"model":"modelengine:butcher/rightarm"},{"predicate":{"custom_model_data":207},"model":"modelengine:butcher/righthand"},{"predicate":{"custom_model_data":208},"model":"modelengine:butcher/leftleg"},{"predicate":{"custom_model_data":209},"model":"modelengine:butcher/leftfoot"},{"predicate":{"custom_model_data":210},"model":"modelengine:butcher/rightleg"},{"predicate":{"custom_model_data":211},"model":"modelengine:butcher/rightfoot"},{"predicate":{"custom_model_data":212},"model":"modelengine:butcher/head"},{"predicate":{"custom_model_data":213},"model":"modelengine:cactus/body"},{"predicate":{"custom_model_data":214},"model":"modelengine:chest_aqua/button"},{"predicate":{"custom_model_data":215},"model":"modelengine:chest_aqua/cover"},{"predicate":{"custom_model_data":216},"model":"modelengine:chest_aqua/body"},{"predicate":{"custom_model_data":217},"model":"modelengine:chest_bone/button"},{"predicate":{"custom_model_data":218},"model":"modelengine:chest_bone/cover"},{"predicate":{"custom_model_data":219},"model":"modelengine:chest_bone/body"},{"predicate":{"custom_model_data":220},"model":"modelengine:chest_forest/button"},{"predicate":{"custom_model_data":221},"model":"modelengine:chest_forest/cover"},{"predicate":{"custom_model_data":222},"model":"modelengine:chest_forest/body"},{"predicate":{"custom_model_data":223},"model":"modelengine:chest_golden/button"},{"predicate":{"custom_model_data":224},"model":"modelengine:chest_golden/cover"},{"predicate":{"custom_model_data":225},"model":"modelengine:chest_golden/body"},{"predicate":{"custom_model_data":226},"model":"modelengine:chest_ice/button"},{"predicate":{"custom_model_data":227},"model":"modelengine:chest_ice/cover"},{"predicate":{"custom_model_data":228},"model":"modelengine:chest_ice/body"},{"predicate":{"custom_model_data":229},"model":"modelengine:chest_light/button"},{"predicate":{"custom_model_data":230},"model":"modelengine:chest_light/cover"},{"predicate":{"custom_model_data":231},"model":"modelengine:chest_light/body"},{"predicate":{"custom_model_data":232},"model":"modelengine:chest_magma/button"},{"predicate":{"custom_model_data":233},"model":"modelengine:chest_magma/cover"},{"predicate":{"custom_model_data":234},"model":"modelengine:chest_magma/body"},{"predicate":{"custom_model_data":235},"model":"modelengine:chest_shadow/button"},{"predicate":{"custom_model_data":236},"model":"modelengine:chest_shadow/cover"},{"predicate":{"custom_model_data":237},"model":"modelengine:chest_shadow/body"},{"predicate":{"custom_model_data":238},"model":"modelengine:chest_wind/button"},{"predicate":{"custom_model_data":239},"model":"modelengine:chest_wind/cover"},{"predicate":{"custom_model_data":240},"model":"modelengine:chest_wind/body"},{"predicate":{"custom_model_data":241},"model":"modelengine:chest_wooden/body"},{"predicate":{"custom_model_data":242},"model":"modelengine:chest_wooden/cover"},{"predicate":{"custom_model_data":243},"model":"modelengine:chest_wooden/button"},{"predicate":{"custom_model_data":244},"model":"modelengine:crab_hermit/body"},{"predicate":{"custom_model_data":245},"model":"modelengine:crab_hermit/shell"},{"predicate":{"custom_model_data":246},"model":"modelengine:crab_hermit/left_front_leg"},{"predicate":{"custom_model_data":247},"model":"modelengine:crab_hermit/right_front_leg"},{"predicate":{"custom_model_data":248},"model":"modelengine:crab_hermit/left_back_leg"},{"predicate":{"custom_model_data":249},"model":"modelengine:crab_hermit/right_back_leg"},{"predicate":{"custom_model_data":250},"model":"modelengine:crab_hermit/left_mid_leg"},{"predicate":{"custom_model_data":251},"model":"modelengine:crab_hermit/right_mid_leg"},{"predicate":{"custom_model_data":252},"model":"modelengine:crab_hermit/left_claw"},{"predicate":{"custom_model_data":253},"model":"modelengine:crab_hermit/left_claw_jaw"},{"predicate":{"custom_model_data":254},"model":"modelengine:crab_hermit/right_claw"},{"predicate":{"custom_model_data":255},"model":"modelengine:crab_hermit/right_claw_jaw"},{"predicate":{"custom_model_data":256},"model":"modelengine:crab_mudflat/body"},{"predicate":{"custom_model_data":257},"model":"modelengine:crab_mudflat/left_front_leg"},{"predicate":{"custom_model_data":258},"model":"modelengine:crab_mudflat/right_front_leg"},{"predicate":{"custom_model_data":259},"model":"modelengine:crab_mudflat/left_back_leg"},{"predicate":{"custom_model_data":260},"model":"modelengine:crab_mudflat/right_back_leg"},{"predicate":{"custom_model_data":261},"model":"modelengine:crab_mudflat/left_mid_leg"},{"predicate":{"custom_model_data":262},"model":"modelengine:crab_mudflat/right_mid_leg"},{"predicate":{"custom_model_data":263},"model":"modelengine:crab_mudflat/left_claw"},{"predicate":{"custom_model_data":264},"model":"modelengine:crab_mudflat/left_claw_jaw"},{"predicate":{"custom_model_data":265},"model":"modelengine:crab_mudflat/right_claw"},{"predicate":{"custom_model_data":266},"model":"modelengine:crab_mudflat/right_claw_jaw"},{"predicate":{"custom_model_data":267},"model":"modelengine:crab_mudflat_underground/body"},{"predicate":{"custom_model_data":268},"model":"modelengine:crab_mudflat_underground/left_front_leg"},{"predicate":{"custom_model_data":269},"model":"modelengine:crab_mudflat_underground/right_front_leg"},{"predicate":{"custom_model_data":270},"model":"modelengine:crab_mudflat_underground/left_back_leg"},{"predicate":{"custom_model_data":271},"model":"modelengine:crab_mudflat_underground/right_back_leg"},{"predicate":{"custom_model_data":272},"model":"modelengine:crab_mudflat_underground/left_mid_leg"},{"predicate":{"custom_model_data":273},"model":"modelengine:crab_mudflat_underground/right_mid_leg"},{"predicate":{"custom_model_data":274},"model":"modelengine:crab_mudflat_underground/left_claw"},{"predicate":{"custom_model_data":275},"model":"modelengine:crab_mudflat_underground/left_claw_jaw"},{"predicate":{"custom_model_data":276},"model":"modelengine:crab_mudflat_underground/right_claw"},{"predicate":{"custom_model_data":277},"model":"modelengine:crab_mudflat_underground/right_claw_jaw"},{"predicate":{"custom_model_data":278},"model":"modelengine:crab_red/body"},{"predicate":{"custom_model_data":279},"model":"modelengine:crab_red/left_front_leg"},{"predicate":{"custom_model_data":280},"model":"modelengine:crab_red/right_front_leg"},{"predicate":{"custom_model_data":281},"model":"modelengine:crab_red/left_back_leg"},{"predicate":{"custom_model_data":282},"model":"modelengine:crab_red/right_back_leg"},{"predicate":{"custom_model_data":283},"model":"modelengine:crab_red/left_mid_leg"},{"predicate":{"custom_model_data":284},"model":"modelengine:crab_red/right_mid_leg"},{"predicate":{"custom_model_data":285},"model":"modelengine:crab_red/left_claw"},{"predicate":{"custom_model_data":286},"model":"modelengine:crab_red/left_claw_jaw"},{"predicate":{"custom_model_data":287},"model":"modelengine:crab_red/right_claw"},{"predicate":{"custom_model_data":288},"model":"modelengine:crab_red/right_claw_jaw"},{"predicate":{"custom_model_data":289},"model":"modelengine:crab_red_underground/body"},{"predicate":{"custom_model_data":290},"model":"modelengine:crab_red_underground/left_front_leg"},{"predicate":{"custom_model_data":291},"model":"modelengine:crab_red_underground/right_front_leg"},{"predicate":{"custom_model_data":292},"model":"modelengine:crab_red_underground/left_back_leg"},{"predicate":{"custom_model_data":293},"model":"modelengine:crab_red_underground/right_back_leg"},{"predicate":{"custom_model_data":294},"model":"modelengine:crab_red_underground/left_mid_leg"},{"predicate":{"custom_model_data":295},"model":"modelengine:crab_red_underground/right_mid_leg"},{"predicate":{"custom_model_data":296},"model":"modelengine:crab_red_underground/left_claw"},{"predicate":{"custom_model_data":297},"model":"modelengine:crab_red_underground/left_claw_jaw"},{"predicate":{"custom_model_data":298},"model":"modelengine:crab_red_underground/right_claw"},{"predicate":{"custom_model_data":299},"model":"modelengine:crab_red_underground/right_claw_jaw"},{"predicate":{"custom_model_data":300},"model":"modelengine:crate4/left_top_ear"},{"predicate":{"custom_model_data":301},"model":"modelengine:crate4/right_top_ear"},{"predicate":{"custom_model_data":302},"model":"modelengine:crate4/left_ear"},{"predicate":{"custom_model_data":303},"model":"modelengine:crate4/right_ear"},{"predicate":{"custom_model_data":304},"model":"modelengine:crate4/top"},{"predicate":{"custom_model_data":305},"model":"modelengine:crate4/key"},{"predicate":{"custom_model_data":306},"model":"modelengine:crate4/crate"},{"predicate":{"custom_model_data":307},"model":"modelengine:crate4/bone4"},{"predicate":{"custom_model_data":308},"model":"modelengine:crate4/bone3"},{"predicate":{"custom_model_data":309},"model":"modelengine:crate4/bone2"},{"predicate":{"custom_model_data":310},"model":"modelengine:crate4/bone"},{"predicate":{"custom_model_data":311},"model":"modelengine:crate4_-_converted/left_top_ear"},{"predicate":{"custom_model_data":312},"model":"modelengine:crate4_-_converted/right_top_ear"},{"predicate":{"custom_model_data":313},"model":"modelengine:crate4_-_converted/left_ear"},{"predicate":{"custom_model_data":314},"model":"modelengine:crate4_-_converted/right_ear"},{"predicate":{"custom_model_data":315},"model":"modelengine:crate4_-_converted/top"},{"predicate":{"custom_model_data":316},"model":"modelengine:crate4_-_converted/key"},{"predicate":{"custom_model_data":317},"model":"modelengine:crate4_-_converted/crate"},{"predicate":{"custom_model_data":318},"model":"modelengine:crate4_-_converted/bone4"},{"predicate":{"custom_model_data":319},"model":"modelengine:crate4_-_converted/bone3"},{"predicate":{"custom_model_data":320},"model":"modelengine:crate4_-_converted/bone2"},{"predicate":{"custom_model_data":321},"model":"modelengine:crate4_-_converted/bone"},{"predicate":{"custom_model_data":322},"model":"modelengine:crate5/top"},{"predicate":{"custom_model_data":323},"model":"modelengine:crate5/bone6"},{"predicate":{"custom_model_data":324},"model":"modelengine:crate5/bone7"},{"predicate":{"custom_model_data":325},"model":"modelengine:crate5/bone8"},{"predicate":{"custom_model_data":326},"model":"modelengine:crate5/bone5"},{"predicate":{"custom_model_data":327},"model":"modelengine:crate5/bone10"},{"predicate":{"custom_model_data":328},"model":"modelengine:crate5/bone9"},{"predicate":{"custom_model_data":329},"model":"modelengine:crate5/bone12"},{"predicate":{"custom_model_data":330},"model":"modelengine:crate5/crate"},{"predicate":{"custom_model_data":331},"model":"modelengine:crate5/bone4"},{"predicate":{"custom_model_data":332},"model":"modelengine:crate5/bone3"},{"predicate":{"custom_model_data":333},"model":"modelengine:crate5/bone2"},{"predicate":{"custom_model_data":334},"model":"modelengine:crate5/bone"},{"predicate":{"custom_model_data":335},"model":"modelengine:crate6/bone8"},{"predicate":{"custom_model_data":336},"model":"modelengine:crate6/bone5"},{"predicate":{"custom_model_data":337},"model":"modelengine:crate6/bone7"},{"predicate":{"custom_model_data":338},"model":"modelengine:crate6/bone6"},{"predicate":{"custom_model_data":339},"model":"modelengine:crate6/top"},{"predicate":{"custom_model_data":340},"model":"modelengine:crate6/bone10"},{"predicate":{"custom_model_data":341},"model":"modelengine:crate6/bone9"},{"predicate":{"custom_model_data":342},"model":"modelengine:crate6/crate"},{"predicate":{"custom_model_data":343},"model":"modelengine:crate6/bone"},{"predicate":{"custom_model_data":344},"model":"modelengine:crate6/bone2"},{"predicate":{"custom_model_data":345},"model":"modelengine:crate6/bone3"},{"predicate":{"custom_model_data":346},"model":"modelengine:crate6/bone4"},{"predicate":{"custom_model_data":347},"model":"modelengine:crocodile_cuban/upper_body"},{"predicate":{"custom_model_data":348},"model":"modelengine:crocodile_cuban/tail"},{"predicate":{"custom_model_data":349},"model":"modelengine:crocodile_cuban/tail_end"},{"predicate":{"custom_model_data":350},"model":"modelengine:crocodile_cuban/left_arm"},{"predicate":{"custom_model_data":351},"model":"modelengine:crocodile_cuban/left_wrist"},{"predicate":{"custom_model_data":352},"model":"modelengine:crocodile_cuban/left_hand"},{"predicate":{"custom_model_data":353},"model":"modelengine:crocodile_cuban/right_arm"},{"predicate":{"custom_model_data":354},"model":"modelengine:crocodile_cuban/right_wrist"},{"predicate":{"custom_model_data":355},"model":"modelengine:crocodile_cuban/right_hand"},{"predicate":{"custom_model_data":356},"model":"modelengine:crocodile_cuban/head"},{"predicate":{"custom_model_data":357},"model":"modelengine:crocodile_cuban/jaw"},{"predicate":{"custom_model_data":358},"model":"modelengine:crocodile_cuban/meat"},{"predicate":{"custom_model_data":359},"model":"modelengine:crocodile_cuban/saddle"},{"predicate":{"custom_model_data":360},"model":"modelengine:crocodile_cuban/left_leg"},{"predicate":{"custom_model_data":361},"model":"modelengine:crocodile_cuban/left_ankle"},{"predicate":{"custom_model_data":362},"model":"modelengine:crocodile_cuban/left_foot"},{"predicate":{"custom_model_data":363},"model":"modelengine:crocodile_cuban/right_leg"},{"predicate":{"custom_model_data":364},"model":"modelengine:crocodile_cuban/right_ankle"},{"predicate":{"custom_model_data":365},"model":"modelengine:crocodile_cuban/right_foot"},{"predicate":{"custom_model_data":366},"model":"modelengine:crocodile_saltwater/upper_body"},{"predicate":{"custom_model_data":367},"model":"modelengine:crocodile_saltwater/tail"},{"predicate":{"custom_model_data":368},"model":"modelengine:crocodile_saltwater/tail_end"},{"predicate":{"custom_model_data":369},"model":"modelengine:crocodile_saltwater/left_arm"},{"predicate":{"custom_model_data":370},"model":"modelengine:crocodile_saltwater/left_wrist"},{"predicate":{"custom_model_data":371},"model":"modelengine:crocodile_saltwater/left_hand"},{"predicate":{"custom_model_data":372},"model":"modelengine:crocodile_saltwater/right_arm"},{"predicate":{"custom_model_data":373},"model":"modelengine:crocodile_saltwater/right_wrist"},{"predicate":{"custom_model_data":374},"model":"modelengine:crocodile_saltwater/right_hand"},{"predicate":{"custom_model_data":375},"model":"modelengine:crocodile_saltwater/head"},{"predicate":{"custom_model_data":376},"model":"modelengine:crocodile_saltwater/jaw"},{"predicate":{"custom_model_data":377},"model":"modelengine:crocodile_saltwater/meat"},{"predicate":{"custom_model_data":378},"model":"modelengine:crocodile_saltwater/saddle"},{"predicate":{"custom_model_data":379},"model":"modelengine:crocodile_saltwater/left_leg"},{"predicate":{"custom_model_data":380},"model":"modelengine:crocodile_saltwater/left_ankle"},{"predicate":{"custom_model_data":381},"model":"modelengine:crocodile_saltwater/left_foot"},{"predicate":{"custom_model_data":382},"model":"modelengine:crocodile_saltwater/right_leg"},{"predicate":{"custom_model_data":383},"model":"modelengine:crocodile_saltwater/right_ankle"},{"predicate":{"custom_model_data":384},"model":"modelengine:crocodile_saltwater/right_foot"},{"predicate":{"custom_model_data":385},"model":"modelengine:deathbloom/body"},{"predicate":{"custom_model_data":386},"model":"modelengine:deer/boyun"},{"predicate":{"custom_model_data":387},"model":"modelengine:deer/heah"},{"predicate":{"custom_model_data":388},"model":"modelengine:deer/boynuz"},{"predicate":{"custom_model_data":389},"model":"modelengine:deer/boynuz2"},{"predicate":{"custom_model_data":390},"model":"modelengine:deer/govde"},{"predicate":{"custom_model_data":391},"model":"modelengine:deer/ayakon1"},{"predicate":{"custom_model_data":392},"model":"modelengine:deer/ayak_eklem1"},{"predicate":{"custom_model_data":393},"model":"modelengine:deer/ayakon2"},{"predicate":{"custom_model_data":394},"model":"modelengine:deer/ayak_eklem2"},{"predicate":{"custom_model_data":395},"model":"modelengine:deer/arkaayak1"},{"predicate":{"custom_model_data":396},"model":"modelengine:deer/ayakarkausteklem1"},{"predicate":{"custom_model_data":397},"model":"modelengine:deer/ayakarkaeklem2"},{"predicate":{"custom_model_data":398},"model":"modelengine:deer/arkaayak2"},{"predicate":{"custom_model_data":399},"model":"modelengine:deer/ayakarkausteklem2"},{"predicate":{"custom_model_data":400},"model":"modelengine:deer/ayakarkaeklem3"},{"predicate":{"custom_model_data":401},"model":"modelengine:duck_mallard/upper_body"},{"predicate":{"custom_model_data":402},"model":"modelengine:duck_mallard/head"},{"predicate":{"custom_model_data":403},"model":"modelengine:duck_mallard/jaw"},{"predicate":{"custom_model_data":404},"model":"modelengine:duck_mallard/crumb"},{"predicate":{"custom_model_data":405},"model":"modelengine:duck_mallard/neck"},{"predicate":{"custom_model_data":406},"model":"modelengine:duck_mallard/left_wing"},{"predicate":{"custom_model_data":407},"model":"modelengine:duck_mallard/right_wing"},{"predicate":{"custom_model_data":408},"model":"modelengine:duck_mallard/left_leg"},{"predicate":{"custom_model_data":409},"model":"modelengine:duck_mallard/left_foot"},{"predicate":{"custom_model_data":410},"model":"modelengine:duck_mallard/right_leg"},{"predicate":{"custom_model_data":411},"model":"modelengine:duck_mallard/right_foot"},{"predicate":{"custom_model_data":412},"model":"modelengine:duck_white/upper_body"},{"predicate":{"custom_model_data":413},"model":"modelengine:duck_white/head"},{"predicate":{"custom_model_data":414},"model":"modelengine:duck_white/jaw"},{"predicate":{"custom_model_data":415},"model":"modelengine:duck_white/crumb"},{"predicate":{"custom_model_data":416},"model":"modelengine:duck_white/neck"},{"predicate":{"custom_model_data":417},"model":"modelengine:duck_white/left_wing"},{"predicate":{"custom_model_data":418},"model":"modelengine:duck_white/right_wing"},{"predicate":{"custom_model_data":419},"model":"modelengine:duck_white/left_leg"},{"predicate":{"custom_model_data":420},"model":"modelengine:duck_white/left_foot"},{"predicate":{"custom_model_data":421},"model":"modelengine:duck_white/right_leg"},{"predicate":{"custom_model_data":422},"model":"modelengine:duck_white/right_foot"},{"predicate":{"custom_model_data":423},"model":"modelengine:firefly/body"},{"predicate":{"custom_model_data":424},"model":"modelengine:firefly/left_wing"},{"predicate":{"custom_model_data":425},"model":"modelengine:firefly/right_wing"},{"predicate":{"custom_model_data":426},"model":"modelengine:firefly_bunch/body"},{"predicate":{"custom_model_data":427},"model":"modelengine:firefly_bunch/left_wing"},{"predicate":{"custom_model_data":428},"model":"modelengine:firefly_bunch/right_wing"},{"predicate":{"custom_model_data":429},"model":"modelengine:firefly_bunch/body2"},{"predicate":{"custom_model_data":430},"model":"modelengine:firefly_bunch/left_wing2"},{"predicate":{"custom_model_data":431},"model":"modelengine:firefly_bunch/right_wing2"},{"predicate":{"custom_model_data":432},"model":"modelengine:firefly_bunch/body3"},{"predicate":{"custom_model_data":433},"model":"modelengine:firefly_bunch/left_wing3"},{"predicate":{"custom_model_data":434},"model":"modelengine:firefly_bunch/right_wing3"},{"predicate":{"custom_model_data":435},"model":"modelengine:flame_trap/body"},{"predicate":{"custom_model_data":436},"model":"modelengine:flame_trap/jaw"},{"predicate":{"custom_model_data":437},"model":"modelengine:four_leaf_clover/body"},{"predicate":{"custom_model_data":438},"model":"modelengine:kindletron2/pelvis"},{"predicate":{"custom_model_data":439},"model":"modelengine:kindletron2/right_leg"},{"predicate":{"custom_model_data":440},"model":"modelengine:kindletron2/right_foot"},{"predicate":{"custom_model_data":441},"model":"modelengine:kindletron2/left_leg"},{"predicate":{"custom_model_data":442},"model":"modelengine:kindletron2/left_foot"},{"predicate":{"custom_model_data":443},"model":"modelengine:kindletron2/torso"},{"predicate":{"custom_model_data":444},"model":"modelengine:kindletron2/head"},{"predicate":{"custom_model_data":445},"model":"modelengine:kindletron2/right_arm"},{"predicate":{"custom_model_data":446},"model":"modelengine:kindletron2/right_forearm"},{"predicate":{"custom_model_data":447},"model":"modelengine:kindletron2/blade"},{"predicate":{"custom_model_data":448},"model":"modelengine:kindletron2/left_arm"},{"predicate":{"custom_model_data":449},"model":"modelengine:kindletron2/left_forearm"},{"predicate":{"custom_model_data":450},"model":"modelengine:kindletron2/left_hand"},{"predicate":{"custom_model_data":451},"model":"modelengine:kindletron2/finger_1"},{"predicate":{"custom_model_data":452},"model":"modelengine:kindletron2/finger_2"},{"predicate":{"custom_model_data":453},"model":"modelengine:kindletron2_damaged/torso_damage_1"},{"predicate":{"custom_model_data":454},"model":"modelengine:kindletron2_damaged/right_arm_damage_1"},{"predicate":{"custom_model_data":455},"model":"modelengine:kindletron2_damaged/torso_damage_2"},{"predicate":{"custom_model_data":456},"model":"modelengine:kindletron2_damaged/torso_damage_3"},{"predicate":{"custom_model_data":457},"model":"modelengine:kindletron2_damaged/torso_glide"},{"predicate":{"custom_model_data":458},"model":"modelengine:kitchen_sink/kitchen_sink"},{"predicate":{"custom_model_data":459},"model":"modelengine:log/body"},{"predicate":{"custom_model_data":460},"model":"modelengine:magical_herb/body"},{"predicate":{"custom_model_data":461},"model":"modelengine:mammoth/kafa"},{"predicate":{"custom_model_data":462},"model":"modelengine:mammoth/bone3"},{"predicate":{"custom_model_data":463},"model":"modelengine:mammoth/bone"},{"predicate":{"custom_model_data":464},"model":"modelengine:mammoth/dis1"},{"predicate":{"custom_model_data":465},"model":"modelengine:mammoth/bone2"},{"predicate":{"custom_model_data":466},"model":"modelengine:mammoth/bone4"},{"predicate":{"custom_model_data":467},"model":"modelengine:mammoth/dis2"},{"predicate":{"custom_model_data":468},"model":"modelengine:mammoth/bone5"},{"predicate":{"custom_model_data":469},"model":"modelengine:mammoth/govde"},{"predicate":{"custom_model_data":470},"model":"modelengine:mammoth/ayak1"},{"predicate":{"custom_model_data":471},"model":"modelengine:mammoth/ayak2"},{"predicate":{"custom_model_data":472},"model":"modelengine:mammoth/ayakarka1"},{"predicate":{"custom_model_data":473},"model":"modelengine:mammoth/ayakarka2"},{"predicate":{"custom_model_data":474},"model":"modelengine:mushroom_glowing/hat"},{"predicate":{"custom_model_data":475},"model":"modelengine:mushroom_glowing/body"},{"predicate":{"custom_model_data":476},"model":"modelengine:mushroom_red/hat"},{"predicate":{"custom_model_data":477},"model":"modelengine:mushroom_red/body"},{"predicate":{"custom_model_data":478},"model":"modelengine:npcgreeting/head"},{"predicate":{"custom_model_data":479},"model":"modelengine:ore_copper/body"},{"predicate":{"custom_model_data":480},"model":"modelengine:ore_diamond/body"},{"predicate":{"custom_model_data":481},"model":"modelengine:ore_dragonite/body"},{"predicate":{"custom_model_data":482},"model":"modelengine:ore_emerald/body"},{"predicate":{"custom_model_data":483},"model":"modelengine:ore_gold/body"},{"predicate":{"custom_model_data":484},"model":"modelengine:ore_iron/body"},{"predicate":{"custom_model_data":485},"model":"modelengine:ore_ruby/body"},{"predicate":{"custom_model_data":486},"model":"modelengine:ore_sapphire/body"},{"predicate":{"custom_model_data":487},"model":"modelengine:ore_topaz/body"},{"predicate":{"custom_model_data":488},"model":"modelengine:pebbles_1/body"},{"predicate":{"custom_model_data":489},"model":"modelengine:pebbles_2/body"},{"predicate":{"custom_model_data":490},"model":"modelengine:pink_green_crate/up"},{"predicate":{"custom_model_data":491},"model":"modelengine:pink_green_crate/down"},{"predicate":{"custom_model_data":492},"model":"modelengine:pink_green_crate/handle_1"},{"predicate":{"custom_model_data":493},"model":"modelengine:pink_green_crate/handle_2"},{"predicate":{"custom_model_data":494},"model":"modelengine:portal/body"},{"predicate":{"custom_model_data":495},"model":"modelengine:portal/color"},{"predicate":{"custom_model_data":496},"model":"modelengine:portal_round/body"},{"predicate":{"custom_model_data":497},"model":"modelengine:portal_round/color"},{"predicate":{"custom_model_data":498},"model":"modelengine:purple_light_purple_crate/up"},{"predicate":{"custom_model_data":499},"model":"modelengine:purple_light_purple_crate/down"},{"predicate":{"custom_model_data":500},"model":"modelengine:purple_light_purple_crate/handle_1"},{"predicate":{"custom_model_data":501},"model":"modelengine:purple_light_purple_crate/handle_2"},{"predicate":{"custom_model_data":502},"model":"modelengine:quest_dwarf/torso"},{"predicate":{"custom_model_data":503},"model":"modelengine:quest_dwarf/legs"},{"predicate":{"custom_model_data":504},"model":"modelengine:quest_dwarf/foot"},{"predicate":{"custom_model_data":505},"model":"modelengine:quest_dwarf/legs2"},{"predicate":{"custom_model_data":506},"model":"modelengine:quest_dwarf/foot2"},{"predicate":{"custom_model_data":507},"model":"modelengine:quest_dwarf/right_arm2"},{"predicate":{"custom_model_data":508},"model":"modelengine:quest_dwarf/right_forearm2"},{"predicate":{"custom_model_data":509},"model":"modelengine:quest_dwarf/left_hand"},{"predicate":{"custom_model_data":510},"model":"modelengine:quest_dwarf/left_arm2"},{"predicate":{"custom_model_data":511},"model":"modelengine:quest_dwarf/left_forearm2"},{"predicate":{"custom_model_data":512},"model":"modelengine:quest_dwarf/left_hand2"},{"predicate":{"custom_model_data":513},"model":"modelengine:quest_dwarf/head"},{"predicate":{"custom_model_data":514},"model":"modelengine:quest_dwarf/axe"},{"predicate":{"custom_model_data":515},"model":"modelengine:quest_elf/torso"},{"predicate":{"custom_model_data":516},"model":"modelengine:quest_elf/quiver"},{"predicate":{"custom_model_data":517},"model":"modelengine:quest_elf/left_leg"},{"predicate":{"custom_model_data":518},"model":"modelengine:quest_elf/left_foot"},{"predicate":{"custom_model_data":519},"model":"modelengine:quest_elf/right_leg"},{"predicate":{"custom_model_data":520},"model":"modelengine:quest_elf/right_foot"},{"predicate":{"custom_model_data":521},"model":"modelengine:quest_elf/left_arm"},{"predicate":{"custom_model_data":522},"model":"modelengine:quest_elf/left_forearm"},{"predicate":{"custom_model_data":523},"model":"modelengine:quest_elf/left_hand"},{"predicate":{"custom_model_data":524},"model":"modelengine:quest_elf/right_arm"},{"predicate":{"custom_model_data":525},"model":"modelengine:quest_elf/right_forearm"},{"predicate":{"custom_model_data":526},"model":"modelengine:quest_elf/right_hand"},{"predicate":{"custom_model_data":527},"model":"modelengine:quest_elf/head"},{"predicate":{"custom_model_data":528},"model":"modelengine:quest_elf/hair"},{"predicate":{"custom_model_data":529},"model":"modelengine:quest_graywizard/torso"},{"predicate":{"custom_model_data":530},"model":"modelengine:quest_graywizard/legs"},{"predicate":{"custom_model_data":531},"model":"modelengine:quest_graywizard/right_arm"},{"predicate":{"custom_model_data":532},"model":"modelengine:quest_graywizard/right_forearm"},{"predicate":{"custom_model_data":533},"model":"modelengine:quest_graywizard/right_hand"},{"predicate":{"custom_model_data":534},"model":"modelengine:quest_graywizard/left_arm"},{"predicate":{"custom_model_data":535},"model":"modelengine:quest_graywizard/left_forearm"},{"predicate":{"custom_model_data":536},"model":"modelengine:quest_graywizard/left_hand"},{"predicate":{"custom_model_data":537},"model":"modelengine:quest_graywizard/head"},{"predicate":{"custom_model_data":538},"model":"modelengine:quest_graywizard/beard"},{"predicate":{"custom_model_data":539},"model":"modelengine:quest_graywizard/hat"},{"predicate":{"custom_model_data":540},"model":"modelengine:quest_halfling/torso"},{"predicate":{"custom_model_data":541},"model":"modelengine:quest_halfling/pan"},{"predicate":{"custom_model_data":542},"model":"modelengine:quest_halfling/legs"},{"predicate":{"custom_model_data":543},"model":"modelengine:quest_halfling/foot"},{"predicate":{"custom_model_data":544},"model":"modelengine:quest_halfling/legs2"},{"predicate":{"custom_model_data":545},"model":"modelengine:quest_halfling/foot2"},{"predicate":{"custom_model_data":546},"model":"modelengine:quest_halfling/right_arm"},{"predicate":{"custom_model_data":547},"model":"modelengine:quest_halfling/right_forearm"},{"predicate":{"custom_model_data":548},"model":"modelengine:quest_halfling/right_hand"},{"predicate":{"custom_model_data":549},"model":"modelengine:quest_halfling/right_arm2"},{"predicate":{"custom_model_data":550},"model":"modelengine:quest_halfling/right_forearm2"},{"predicate":{"custom_model_data":551},"model":"modelengine:quest_halfling/left_hand"},{"predicate":{"custom_model_data":552},"model":"modelengine:quest_halfling/head"},{"predicate":{"custom_model_data":553},"model":"modelengine:quest_marker/available"},{"predicate":{"custom_model_data":554},"model":"modelengine:quest_marker_parts/reward"},{"predicate":{"custom_model_data":555},"model":"modelengine:quest_marker_parts/in_progress"},{"predicate":{"custom_model_data":556},"model":"modelengine:quest_parts/quest_elf_hand"},{"predicate":{"custom_model_data":557},"model":"modelengine:quest_parts/quest_halfling_hand"},{"predicate":{"custom_model_data":558},"model":"modelengine:quest_parts/quest_dwarf_hand"},{"predicate":{"custom_model_data":559},"model":"modelengine:quest_parts/quest_graywizard_hand"},{"predicate":{"custom_model_data":560},"model":"modelengine:rat_black/upper_body"},{"predicate":{"custom_model_data":561},"model":"modelengine:rat_black/left_arm"},{"predicate":{"custom_model_data":562},"model":"modelengine:rat_black/crumb"},{"predicate":{"custom_model_data":563},"model":"modelengine:rat_black/right_arm"},{"predicate":{"custom_model_data":564},"model":"modelengine:rat_black/head"},{"predicate":{"custom_model_data":565},"model":"modelengine:rat_black/tail"},{"predicate":{"custom_model_data":566},"model":"modelengine:rat_black/tail_end"},{"predicate":{"custom_model_data":567},"model":"modelengine:rat_black/left_leg"},{"predicate":{"custom_model_data":568},"model":"modelengine:rat_black/right_leg"},{"predicate":{"custom_model_data":569},"model":"modelengine:rat_brown/upper_body"},{"predicate":{"custom_model_data":570},"model":"modelengine:rat_brown/left_arm"},{"predicate":{"custom_model_data":571},"model":"modelengine:rat_brown/crumb"},{"predicate":{"custom_model_data":572},"model":"modelengine:rat_brown/right_arm"},{"predicate":{"custom_model_data":573},"model":"modelengine:rat_brown/head"},{"predicate":{"custom_model_data":574},"model":"modelengine:rat_brown/tail"},{"predicate":{"custom_model_data":575},"model":"modelengine:rat_brown/tail_end"},{"predicate":{"custom_model_data":576},"model":"modelengine:rat_brown/left_leg"},{"predicate":{"custom_model_data":577},"model":"modelengine:rat_brown/right_leg"},{"predicate":{"custom_model_data":578},"model":"modelengine:rat_gray/upper_body"},{"predicate":{"custom_model_data":579},"model":"modelengine:rat_gray/left_arm"},{"predicate":{"custom_model_data":580},"model":"modelengine:rat_gray/crumb"},{"predicate":{"custom_model_data":581},"model":"modelengine:rat_gray/right_arm"},{"predicate":{"custom_model_data":582},"model":"modelengine:rat_gray/head"},{"predicate":{"custom_model_data":583},"model":"modelengine:rat_gray/tail"},{"predicate":{"custom_model_data":584},"model":"modelengine:rat_gray/tail_end"},{"predicate":{"custom_model_data":585},"model":"modelengine:rat_gray/left_leg"},{"predicate":{"custom_model_data":586},"model":"modelengine:rat_gray/right_leg"},{"predicate":{"custom_model_data":587},"model":"modelengine:red_golden_crate/up"},{"predicate":{"custom_model_data":588},"model":"modelengine:red_golden_crate/down"},{"predicate":{"custom_model_data":589},"model":"modelengine:red_golden_crate/handle_1"},{"predicate":{"custom_model_data":590},"model":"modelengine:red_golden_crate/handle_2"},{"predicate":{"custom_model_data":591},"model":"modelengine:runestone_heal/stone"},{"predicate":{"custom_model_data":592},"model":"modelengine:runestone_heal/magic"},{"predicate":{"custom_model_data":593},"model":"modelengine:runestone_heal/right_stone"},{"predicate":{"custom_model_data":594},"model":"modelengine:runestone_heal/left_stone"},{"predicate":{"custom_model_data":595},"model":"modelengine:runestone_resistance/stone"},{"predicate":{"custom_model_data":596},"model":"modelengine:runestone_resistance/magic"},{"predicate":{"custom_model_data":597},"model":"modelengine:runestone_resistance/right_stone"},{"predicate":{"custom_model_data":598},"model":"modelengine:runestone_resistance/left_stone"},{"predicate":{"custom_model_data":599},"model":"modelengine:runestone_speed/stone"},{"predicate":{"custom_model_data":600},"model":"modelengine:runestone_speed/magic"},{"predicate":{"custom_model_data":601},"model":"modelengine:runestone_speed/right_stone"},{"predicate":{"custom_model_data":602},"model":"modelengine:runestone_speed/left_stone"},{"predicate":{"custom_model_data":603},"model":"modelengine:runestone_strength/stone"},{"predicate":{"custom_model_data":604},"model":"modelengine:runestone_strength/magic"},{"predicate":{"custom_model_data":605},"model":"modelengine:runestone_strength/right_stone"},{"predicate":{"custom_model_data":606},"model":"modelengine:runestone_strength/left_stone"},{"predicate":{"custom_model_data":607},"model":"modelengine:sawblade_trap_long/body"},{"predicate":{"custom_model_data":608},"model":"modelengine:sawblade_trap_long/sawblade"},{"predicate":{"custom_model_data":609},"model":"modelengine:sawblade_trap_short/body"},{"predicate":{"custom_model_data":610},"model":"modelengine:sawblade_trap_short/sawblade"},{"predicate":{"custom_model_data":611},"model":"modelengine:scifi_helicopter/scifi_helicopter"},{"predicate":{"custom_model_data":612},"model":"modelengine:scifi_helicopter/leftfront"},{"predicate":{"custom_model_data":613},"model":"modelengine:scifi_helicopter/rightfront"},{"predicate":{"custom_model_data":614},"model":"modelengine:scifi_helicopter/leftback"},{"predicate":{"custom_model_data":615},"model":"modelengine:scifi_helicopter/rightback"},{"predicate":{"custom_model_data":616},"model":"modelengine:shamrock/body"},{"predicate":{"custom_model_data":617},"model":"modelengine:spike_ball_trap/body"},{"predicate":{"custom_model_data":618},"model":"modelengine:spike_trap_pop_up/body"},{"predicate":{"custom_model_data":619},"model":"modelengine:spike_trap_pop_up/spikes"},{"predicate":{"custom_model_data":620},"model":"modelengine:spike_trap_still/body"},{"predicate":{"custom_model_data":621},"model":"modelengine:spike_trap_still/spikes"},{"predicate":{"custom_model_data":622},"model":"modelengine:squirrel_brown/upper_body"},{"predicate":{"custom_model_data":623},"model":"modelengine:squirrel_brown/tail"},{"predicate":{"custom_model_data":624},"model":"modelengine:squirrel_brown/head"},{"predicate":{"custom_model_data":625},"model":"modelengine:squirrel_brown/left_arm"},{"predicate":{"custom_model_data":626},"model":"modelengine:squirrel_brown/acorn"},{"predicate":{"custom_model_data":627},"model":"modelengine:squirrel_brown/right_arm"},{"predicate":{"custom_model_data":628},"model":"modelengine:squirrel_brown/left_leg"},{"predicate":{"custom_model_data":629},"model":"modelengine:squirrel_brown/left_foot"},{"predicate":{"custom_model_data":630},"model":"modelengine:squirrel_brown/right_leg"},{"predicate":{"custom_model_data":631},"model":"modelengine:squirrel_brown/right_foot"},{"predicate":{"custom_model_data":632},"model":"modelengine:squirrel_gray/upper_body"},{"predicate":{"custom_model_data":633},"model":"modelengine:squirrel_gray/tail"},{"predicate":{"custom_model_data":634},"model":"modelengine:squirrel_gray/head"},{"predicate":{"custom_model_data":635},"model":"modelengine:squirrel_gray/left_arm"},{"predicate":{"custom_model_data":636},"model":"modelengine:squirrel_gray/acorn"},{"predicate":{"custom_model_data":637},"model":"modelengine:squirrel_gray/right_arm"},{"predicate":{"custom_model_data":638},"model":"modelengine:squirrel_gray/left_leg"},{"predicate":{"custom_model_data":639},"model":"modelengine:squirrel_gray/left_foot"},{"predicate":{"custom_model_data":640},"model":"modelengine:squirrel_gray/right_leg"},{"predicate":{"custom_model_data":641},"model":"modelengine:squirrel_gray/right_foot"},{"predicate":{"custom_model_data":642},"model":"modelengine:squirrel_red/upper_body"},{"predicate":{"custom_model_data":643},"model":"modelengine:squirrel_red/tail"},{"predicate":{"custom_model_data":644},"model":"modelengine:squirrel_red/head"},{"predicate":{"custom_model_data":645},"model":"modelengine:squirrel_red/left_arm"},{"predicate":{"custom_model_data":646},"model":"modelengine:squirrel_red/acorn"},{"predicate":{"custom_model_data":647},"model":"modelengine:squirrel_red/right_arm"},{"predicate":{"custom_model_data":648},"model":"modelengine:squirrel_red/left_leg"},{"predicate":{"custom_model_data":649},"model":"modelengine:squirrel_red/left_foot"},{"predicate":{"custom_model_data":650},"model":"modelengine:squirrel_red/right_leg"},{"predicate":{"custom_model_data":651},"model":"modelengine:squirrel_red/right_foot"},{"predicate":{"custom_model_data":652},"model":"modelengine:super_car2/bone"},{"predicate":{"custom_model_data":653},"model":"modelengine:super_car2/leftfrontroad"},{"predicate":{"custom_model_data":654},"model":"modelengine:super_car2/rightfrontroad"},{"predicate":{"custom_model_data":655},"model":"modelengine:super_car2/leftbackroad"},{"predicate":{"custom_model_data":656},"model":"modelengine:super_car2/leftrightroad"},{"predicate":{"custom_model_data":657},"model":"modelengine:toffy_crate_creature/top"},{"predicate":{"custom_model_data":658},"model":"modelengine:toffy_crate_creature/top_tentacle"},{"predicate":{"custom_model_data":659},"model":"modelengine:toffy_crate_creature/handle"},{"predicate":{"custom_model_data":660},"model":"modelengine:toffy_crate_creature/lid"},{"predicate":{"custom_model_data":661},"model":"modelengine:toffy_crate_creature/leg_right"},{"predicate":{"custom_model_data":662},"model":"modelengine:toffy_crate_creature/leg_right_low"},{"predicate":{"custom_model_data":663},"model":"modelengine:toffy_crate_creature/leg_left"},{"predicate":{"custom_model_data":664},"model":"modelengine:toffy_crate_creature/leg_left_low"},{"predicate":{"custom_model_data":665},"model":"modelengine:toffy_crate_creature/leg_left_back"},{"predicate":{"custom_model_data":666},"model":"modelengine:toffy_crate_creature/leg_left_low_back"},{"predicate":{"custom_model_data":667},"model":"modelengine:toffy_crate_creature/leg_right_back"},{"predicate":{"custom_model_data":668},"model":"modelengine:toffy_crate_creature/leg_right_low_back"},{"predicate":{"custom_model_data":669},"model":"modelengine:toffy_crate_creature/base"},{"predicate":{"custom_model_data":670},"model":"modelengine:toffy_crate_creature/low_chain"},{"predicate":{"custom_model_data":671},"model":"modelengine:toffy_crate_creature/low_chain2"},{"predicate":{"custom_model_data":672},"model":"modelengine:toffy_crate_creature/chain0"},{"predicate":{"custom_model_data":673},"model":"modelengine:toffy_crate_creature/chain1"},{"predicate":{"custom_model_data":674},"model":"modelengine:toffy_crate_creature/chain2"},{"predicate":{"custom_model_data":675},"model":"modelengine:toffy_crate_creature/iris"},{"predicate":{"custom_model_data":676},"model":"modelengine:toffy_crate_creature/key"},{"predicate":{"custom_model_data":677},"model":"modelengine:toffy_crate_raven/base"},{"predicate":{"custom_model_data":678},"model":"modelengine:toffy_crate_raven/top"},{"predicate":{"custom_model_data":679},"model":"modelengine:toffy_crate_raven/raven"},{"predicate":{"custom_model_data":680},"model":"modelengine:toffy_crate_raven/jaw"},{"predicate":{"custom_model_data":681},"model":"modelengine:toffy_crate_raven/key"},{"predicate":{"custom_model_data":682},"model":"modelengine:toffy_crate_sweet_tooth/base"},{"predicate":{"custom_model_data":683},"model":"modelengine:toffy_crate_sweet_tooth/tongue_base"},{"predicate":{"custom_model_data":684},"model":"modelengine:toffy_crate_sweet_tooth/tongue1"},{"predicate":{"custom_model_data":685},"model":"modelengine:toffy_crate_sweet_tooth/tongue2"},{"predicate":{"custom_model_data":686},"model":"modelengine:toffy_crate_sweet_tooth/tongue_end"},{"predicate":{"custom_model_data":687},"model":"modelengine:toffy_crate_sweet_tooth/claw_right"},{"predicate":{"custom_model_data":688},"model":"modelengine:toffy_crate_sweet_tooth/claw_left"},{"predicate":{"custom_model_data":689},"model":"modelengine:toffy_crate_sweet_tooth/top"},{"predicate":{"custom_model_data":690},"model":"modelengine:toffy_crate_sweet_tooth/candy"},{"predicate":{"custom_model_data":691},"model":"modelengine:vase_common/body"},{"predicate":{"custom_model_data":692},"model":"modelengine:vase_small/body"},{"predicate":{"custom_model_data":693},"model":"modelengine:vase_tall/body"},{"predicate":{"custom_model_data":694},"model":"modelengine:waystone/body"},{"predicate":{"custom_model_data":695},"model":"modelengine:wumpus/bone"},{"predicate":{"custom_model_data":696},"model":"modelengine:wumpus/head"},{"predicate":{"custom_model_data":697},"model":"modelengine:wumpus/bone8"},{"predicate":{"custom_model_data":698},"model":"modelengine:wumpus/bone9"},{"predicate":{"custom_model_data":699},"model":"modelengine:wumpus/bone10"},{"predicate":{"custom_model_data":700},"model":"modelengine:wumpus/bone4"},{"predicate":{"custom_model_data":701},"model":"modelengine:wumpus/bone5"},{"predicate":{"custom_model_data":702},"model":"modelengine:wumpus/tail"},{"predicate":{"custom_model_data":703},"model":"modelengine:wumpus/bone6"},{"predicate":{"custom_model_data":704},"model":"modelengine:wumpus/bone7"},{"predicate":{"custom_model_data":705},"model":"modelengine:wumpus_wheel_on/bone3"},{"predicate":{"custom_model_data":706},"model":"modelengine:wumpus_wheel_on/head"},{"predicate":{"custom_model_data":707},"model":"modelengine:wumpus_wheel_on/bone8"},{"predicate":{"custom_model_data":708},"model":"modelengine:wumpus_wheel_on/bone9"},{"predicate":{"custom_model_data":709},"model":"modelengine:wumpus_wheel_on/bone10"},{"predicate":{"custom_model_data":710},"model":"modelengine:wumpus_wheel_on/bone4"},{"predicate":{"custom_model_data":711},"model":"modelengine:wumpus_wheel_on/bone5"},{"predicate":{"custom_model_data":712},"model":"modelengine:wumpus_wheel_on/bone6"},{"predicate":{"custom_model_data":713},"model":"modelengine:wumpus_wheel_on/bone7"},{"predicate":{"custom_model_data":714},"model":"modelengine:wumpus_wheel_on/tail"},{"predicate":{"custom_model_data":715},"model":"modelengine:wumpus_wheel_on/group"},{"predicate":{"custom_model_data":716},"model":"modelengine:wumpus_wheel_on/group7"},{"predicate":{"custom_model_data":717},"model":"modelengine:wumpus_wheel_on/group6"},{"predicate":{"custom_model_data":718},"model":"modelengine:wumpus_wheel_on/group4"},{"predicate":{"custom_model_data":719},"model":"modelengine:wumpus_wheel_on/group3"},{"predicate":{"custom_model_data":720},"model":"modelengine:wumpus_wheel_on/top"},{"predicate":{"custom_model_data":721},"model":"modelengine:wumpus_wheel_on/group2"},{"predicate":{"custom_model_data":722},"model":"modelengine:wumpus_wings_on/bone3"},{"predicate":{"custom_model_data":723},"model":"modelengine:wumpus_wings_on/head"},{"predicate":{"custom_model_data":724},"model":"modelengine:wumpus_wings_on/bone8"},{"predicate":{"custom_model_data":725},"model":"modelengine:wumpus_wings_on/bone9"},{"predicate":{"custom_model_data":726},"model":"modelengine:wumpus_wings_on/bone10"},{"predicate":{"custom_model_data":727},"model":"modelengine:wumpus_wings_on/bone4"},{"predicate":{"custom_model_data":728},"model":"modelengine:wumpus_wings_on/bone5"},{"predicate":{"custom_model_data":729},"model":"modelengine:wumpus_wings_on/bone6"},{"predicate":{"custom_model_data":730},"model":"modelengine:wumpus_wings_on/bone7"},{"predicate":{"custom_model_data":731},"model":"modelengine:wumpus_wings_on/tail"},{"predicate":{"custom_model_data":732},"model":"modelengine:wumpus_wings_on/top"},{"predicate":{"custom_model_data":733},"model":"modelengine:wumpus_wings_on/group12"},{"predicate":{"custom_model_data":734},"model":"modelengine:wumpus_wings_on/group11"},{"predicate":{"custom_model_data":735},"model":"modelengine:wumpus_wings_on/group10"},{"predicate":{"custom_model_data":736},"model":"modelengine:wumpus_wings_on/group9"},{"predicate":{"custom_model_data":737},"model":"modelengine:wumpus_wings_on/group8"},{"predicate":{"custom_model_data":738},"model":"modelengine:wumpus_wings_on/group6"},{"predicate":{"custom_model_data":739},"model":"modelengine:wumpus_wings_on/group5"},{"predicate":{"custom_model_data":740},"model":"modelengine:wumpus_wings_on/group4"},{"predicate":{"custom_model_data":741},"model":"modelengine:wumpus_wings_on/group3"},{"predicate":{"custom_model_data":742},"model":"modelengine:wumpus_wings_on/group2"},{"predicate":{"custom_model_data":2000},"model":"modelengine:dark_element_pet/body"},{"predicate":{"custom_model_data":2001},"model":"modelengine:dark_element_pet/head"},{"predicate":{"custom_model_data":2002},"model":"modelengine:dark_element_pet/tail"},{"predicate":{"custom_model_data":2003},"model":"modelengine:dark_element_pet/tail2"},{"predicate":{"custom_model_data":2004},"model":"modelengine:dark_element_pet/tail3"},{"predicate":{"custom_model_data":2005},"model":"modelengine:dark_element_pet/tail4"},{"predicate":{"custom_model_data":2006},"model":"modelengine:dark_element_pet/right_arm"},{"predicate":{"custom_model_data":2007},"model":"modelengine:dark_element_pet/right_arm2"},{"predicate":{"custom_model_data":2008},"model":"modelengine:dark_element_pet/left_arm"},{"predicate":{"custom_model_data":2009},"model":"modelengine:dark_element_pet/left_arm2"},{"predicate":{"custom_model_data":2010},"model":"modelengine:dark_element_pet/right_leg"},{"predicate":{"custom_model_data":2011},"model":"modelengine:dark_element_pet/left_leg"},{"predicate":{"custom_model_data":2012},"model":"modelengine:dark_element_pet_attack/f1"},{"predicate":{"custom_model_data":2013},"model":"modelengine:dark_element_pet_attack_vfx/f1"},{"predicate":{"custom_model_data":2014},"model":"modelengine:dark_element_pet_attack_vfx/f2"},{"predicate":{"custom_model_data":2015},"model":"modelengine:dark_element_pet_attack_vfx/f3"},{"predicate":{"custom_model_data":2016},"model":"modelengine:dark_element_pet_attack_vfx/f4"},{"predicate":{"custom_model_data":2017},"model":"modelengine:dark_element_pet_attack_vfx/f5"},{"predicate":{"custom_model_data":2018},"model":"modelengine:dark_element_pet_skill/circle"},{"predicate":{"custom_model_data":2019},"model":"modelengine:dark_element_pet_skill/t1"},{"predicate":{"custom_model_data":2020},"model":"modelengine:dark_element_pet_skill/t2"},{"predicate":{"custom_model_data":2021},"model":"modelengine:dark_element_pet_skill/t3"},{"predicate":{"custom_model_data":2022},"model":"modelengine:dark_element_pet_skill/t4"},{"predicate":{"custom_model_data":2023},"model":"modelengine:forest_element_pet/body"},{"predicate":{"custom_model_data":2024},"model":"modelengine:forest_element_pet/head"},{"predicate":{"custom_model_data":2025},"model":"modelengine:forest_element_pet/left_wing"},{"predicate":{"custom_model_data":2026},"model":"modelengine:forest_element_pet/right_wing"},{"predicate":{"custom_model_data":2027},"model":"modelengine:forest_element_pet/right_leg"},{"predicate":{"custom_model_data":2028},"model":"modelengine:forest_element_pet/left_leg"},{"predicate":{"custom_model_data":2029},"model":"modelengine:forest_element_pet_attack/f1"},{"predicate":{"custom_model_data":2030},"model":"modelengine:forest_element_pet_attack_vfx/f1"},{"predicate":{"custom_model_data":2031},"model":"modelengine:forest_element_pet_attack_vfx/f2"},{"predicate":{"custom_model_data":2032},"model":"modelengine:forest_element_pet_attack_vfx/f3"},{"predicate":{"custom_model_data":2033},"model":"modelengine:forest_element_pet_attack_vfx/f4"},{"predicate":{"custom_model_data":2034},"model":"modelengine:forest_element_pet_attack_vfx/f5"},{"predicate":{"custom_model_data":2035},"model":"modelengine:forest_element_pet_skill/bone"},{"predicate":{"custom_model_data":2036},"model":"modelengine:forest_element_pet_skill/bone2"},{"predicate":{"custom_model_data":2037},"model":"modelengine:forzen_element_pet/front"},{"predicate":{"custom_model_data":2038},"model":"modelengine:forzen_element_pet/head"},{"predicate":{"custom_model_data":2039},"model":"modelengine:forzen_element_pet/right_f_leg"},{"predicate":{"custom_model_data":2040},"model":"modelengine:forzen_element_pet/left_f_leg"},{"predicate":{"custom_model_data":2041},"model":"modelengine:forzen_element_pet/waist"},{"predicate":{"custom_model_data":2042},"model":"modelengine:forzen_element_pet/tail"},{"predicate":{"custom_model_data":2043},"model":"modelengine:forzen_element_pet/tail2"},{"predicate":{"custom_model_data":2044},"model":"modelengine:forzen_element_pet/tail3"},{"predicate":{"custom_model_data":2045},"model":"modelengine:forzen_element_pet/left_b_leg"},{"predicate":{"custom_model_data":2046},"model":"modelengine:forzen_element_pet/right_b_leg"},{"predicate":{"custom_model_data":2047},"model":"modelengine:forzen_element_pet_attack/f1"},{"predicate":{"custom_model_data":2048},"model":"modelengine:forzen_element_pet_attack_vfx/f1"},{"predicate":{"custom_model_data":2049},"model":"modelengine:forzen_element_pet_attack_vfx/f2"},{"predicate":{"custom_model_data":2050},"model":"modelengine:forzen_element_pet_attack_vfx/f3"},{"predicate":{"custom_model_data":2051},"model":"modelengine:forzen_element_pet_attack_vfx/f4"},{"predicate":{"custom_model_data":2052},"model":"modelengine:forzen_element_pet_attack_vfx/f5"},{"predicate":{"custom_model_data":2053},"model":"modelengine:forzen_element_pet_skill/bone"},{"predicate":{"custom_model_data":2054},"model":"modelengine:forzen_element_pet_skill2/f1"},{"predicate":{"custom_model_data":2055},"model":"modelengine:forzen_element_pet_skill2_vfx/f1"},{"predicate":{"custom_model_data":2056},"model":"modelengine:forzen_element_pet_skill2_vfx/f2"},{"predicate":{"custom_model_data":2057},"model":"modelengine:forzen_element_pet_skill2_vfx/f3"},{"predicate":{"custom_model_data":2058},"model":"modelengine:forzen_element_pet_skill2_vfx/f4"},{"predicate":{"custom_model_data":2059},"model":"modelengine:forzen_element_pet_skill2_vfx/f5"},{"predicate":{"custom_model_data":2060},"model":"modelengine:forzen_element_pet_skill2_vfx/f6"},{"predicate":{"custom_model_data":2061},"model":"modelengine:forzen_element_pet_skill2_vfx/f7"},{"predicate":{"custom_model_data":2062},"model":"modelengine:forzen_element_pet_skill2_vfx/f8"},{"predicate":{"custom_model_data":2063},"model":"modelengine:forzen_element_pet_skill2_vfx/f9"},{"predicate":{"custom_model_data":2064},"model":"modelengine:forzen_element_pet_skill2_vfx/f10"},{"predicate":{"custom_model_data":2065},"model":"modelengine:forzen_element_pet_skill2_vfx/f11"},{"predicate":{"custom_model_data":2066},"model":"modelengine:forzen_element_pet_skill2_vfx/f12"},{"predicate":{"custom_model_data":2067},"model":"modelengine:forzen_element_pet_skill2_vfx/f13"},{"predicate":{"custom_model_data":2068},"model":"modelengine:forzen_element_pet_skill2_vfx/f14"},{"predicate":{"custom_model_data":2069},"model":"modelengine:forzen_element_pet_skill2_vfx/f15"},{"predicate":{"custom_model_data":2070},"model":"modelengine:forzen_element_pet_skill2_vfx/f16"},{"predicate":{"custom_model_data":2071},"model":"modelengine:forzen_element_pet_skill2_vfx/f17"},{"predicate":{"custom_model_data":2072},"model":"modelengine:forzen_element_pet_skill2_vfx/f18"},{"predicate":{"custom_model_data":3000},"model":"modelengine:armas_lord_of_anarchy/guadaa"},{"predicate":{"custom_model_data":3001},"model":"modelengine:armas_lord_of_anarchy/swordd"},{"predicate":{"custom_model_data":3002},"model":"modelengine:lord_of_anarchy/dps"},{"predicate":{"custom_model_data":3003},"model":"modelengine:lord_of_anarchy/swordd"},{"predicate":{"custom_model_data":3004},"model":"modelengine:lord_of_anarchy/head"},{"predicate":{"custom_model_data":3005},"model":"modelengine:lord_of_anarchy/abdomend"},{"predicate":{"custom_model_data":3006},"model":"modelengine:lord_of_anarchy/brazoderecho"},{"predicate":{"custom_model_data":3007},"model":"modelengine:lord_of_anarchy/subbrazoderecho"},{"predicate":{"custom_model_data":3008},"model":"modelengine:lord_of_anarchy/manoderecha2"},{"predicate":{"custom_model_data":3009},"model":"modelengine:lord_of_anarchy/brazoizquierdo"},{"predicate":{"custom_model_data":3010},"model":"modelengine:lord_of_anarchy/subbrazoizquierdo"},{"predicate":{"custom_model_data":3011},"model":"modelengine:lord_of_anarchy/manoizquierda"},{"predicate":{"custom_model_data":3012},"model":"modelengine:lord_of_anarchy/aladerecha"},{"predicate":{"custom_model_data":3013},"model":"modelengine:lord_of_anarchy/subaladerecha"},{"predicate":{"custom_model_data":3014},"model":"modelengine:lord_of_anarchy/aladerecha2"},{"predicate":{"custom_model_data":3015},"model":"modelengine:lord_of_anarchy/subaladerecha2"},{"predicate":{"custom_model_data":3016},"model":"modelengine:lord_of_anarchy/alaizquierda"},{"predicate":{"custom_model_data":3017},"model":"modelengine:lord_of_anarchy/subalaizquierda"},{"predicate":{"custom_model_data":3018},"model":"modelengine:lord_of_anarchy/alaizquierda2"},{"predicate":{"custom_model_data":3019},"model":"modelengine:lord_of_anarchy/subalaizquierda2"},{"predicate":{"custom_model_data":3020},"model":"modelengine:lord_of_anarchy/musloizquierdo"},{"predicate":{"custom_model_data":3021},"model":"modelengine:lord_of_anarchy/piernaizquierda"},{"predicate":{"custom_model_data":3022},"model":"modelengine:lord_of_anarchy/zapatoizquierdo"},{"predicate":{"custom_model_data":3023},"model":"modelengine:lord_of_anarchy/musloderecho"},{"predicate":{"custom_model_data":3024},"model":"modelengine:lord_of_anarchy/piernaderecha"},{"predicate":{"custom_model_data":3025},"model":"modelengine:lord_of_anarchy/zapatoderecho"},{"predicate":{"custom_model_data":3026},"model":"modelengine:pet_mini_lord_of_anarchy/left_leg"},{"predicate":{"custom_model_data":3027},"model":"modelengine:pet_mini_lord_of_anarchy/right_leg"},{"predicate":{"custom_model_data":3028},"model":"modelengine:pet_mini_lord_of_anarchy/left_arm"},{"predicate":{"custom_model_data":3029},"model":"modelengine:pet_mini_lord_of_anarchy/right_arm"},{"predicate":{"custom_model_data":3030},"model":"modelengine:pet_mini_lord_of_anarchy/swordd"},{"predicate":{"custom_model_data":3031},"model":"modelengine:pet_mini_lord_of_anarchy/all"},{"predicate":{"custom_model_data":3032},"model":"modelengine:pet_mini_lord_of_anarchy/head"},{"predicate":{"custom_model_data":3033},"model":"modelengine:pet_mini_lord_of_anarchy/bone"},{"predicate":{"custom_model_data":3034},"model":"modelengine:pet_mini_lord_of_anarchy/bone2"},{"predicate":{"custom_model_data":3035},"model":"modelengine:pet_mini_lord_of_anarchy/aladerecha2"},{"predicate":{"custom_model_data":3036},"model":"modelengine:pet_mini_lord_of_anarchy/alaizquierda2"},{"predicate":{"custom_model_data":3037},"model":"modelengine:summon_lord_of_anarchy_one/brazoizquierdo"},{"predicate":{"custom_model_data":3038},"model":"modelengine:summon_lord_of_anarchy_one/bone4"},{"predicate":{"custom_model_data":3039},"model":"modelengine:summon_lord_of_anarchy_one/bone2"},{"predicate":{"custom_model_data":3040},"model":"modelengine:summon_lord_of_anarchy_one/manoderecha2"},{"predicate":{"custom_model_data":3041},"model":"modelengine:summon_lord_of_anarchy_one/brazoderecho"},{"predicate":{"custom_model_data":3042},"model":"modelengine:summon_lord_of_anarchy_one/bone3"},{"predicate":{"custom_model_data":3043},"model":"modelengine:summon_lord_of_anarchy_one/bone"},{"predicate":{"custom_model_data":3044},"model":"modelengine:summon_lord_of_anarchy_one/manoderecha"},{"predicate":{"custom_model_data":3045},"model":"modelengine:summon_lord_of_anarchy_one/columna"},{"predicate":{"custom_model_data":3046},"model":"modelengine:summon_lord_of_anarchy_one/costillas"},{"predicate":{"custom_model_data":3047},"model":"modelengine:summon_lord_of_anarchy_one/head"},{"predicate":{"custom_model_data":3048},"model":"modelengine:summon_lord_of_anarchy_one/boca"},{"predicate":{"custom_model_data":3049},"model":"modelengine:summon_lord_of_anarchy_one/circlemagicsub1"},{"predicate":{"custom_model_data":3050},"model":"modelengine:summon_lord_of_anarchy_one/circlemagicsub2"},{"predicate":{"custom_model_data":3051},"model":"modelengine:summon_lord_of_anarchy_one/circlemagicsub3"},{"predicate":{"custom_model_data":3052},"model":"modelengine:summon_lord_of_anarchy_one/circlemagicsub4"},{"predicate":{"custom_model_data":4000},"model":"modelengine:ec_demon_archer/body"},{"predicate":{"custom_model_data":4001},"model":"modelengine:ec_demon_archer/head"},{"predicate":{"custom_model_data":4002},"model":"modelengine:ec_demon_archer/bone"},{"predicate":{"custom_model_data":4003},"model":"modelengine:ec_demon_archer/bone3"},{"predicate":{"custom_model_data":4004},"model":"modelengine:ec_demon_archer/bone2"},{"predicate":{"custom_model_data":4005},"model":"modelengine:ec_demon_archer/rightleg"},{"predicate":{"custom_model_data":4006},"model":"modelengine:ec_demon_archer/bone6"},{"predicate":{"custom_model_data":4007},"model":"modelengine:ec_demon_archer/leftleg"},{"predicate":{"custom_model_data":4008},"model":"modelengine:ec_demon_archer/bone7"},{"predicate":{"custom_model_data":4009},"model":"modelengine:ec_demon_archer/leftarm"},{"predicate":{"custom_model_data":4010},"model":"modelengine:ec_demon_archer/bone5"},{"predicate":{"custom_model_data":4011},"model":"modelengine:ec_demon_archer/crossbow"},{"predicate":{"custom_model_data":4012},"model":"modelengine:ec_demon_archer/bone8"},{"predicate":{"custom_model_data":4013},"model":"modelengine:ec_demon_archer/bone10"},{"predicate":{"custom_model_data":4014},"model":"modelengine:ec_demon_archer/bone9"},{"predicate":{"custom_model_data":4015},"model":"modelengine:ec_demon_archer/rightarm"},{"predicate":{"custom_model_data":4016},"model":"modelengine:ec_demon_archer/bone4"},{"predicate":{"custom_model_data":4017},"model":"modelengine:ec_demon_lord/body"},{"predicate":{"custom_model_data":4018},"model":"modelengine:ec_demon_lord/bone14"},{"predicate":{"custom_model_data":4019},"model":"modelengine:ec_demon_lord/head"},{"predicate":{"custom_model_data":4020},"model":"modelengine:ec_demon_lord/bone"},{"predicate":{"custom_model_data":4021},"model":"modelengine:ec_demon_lord/bone3"},{"predicate":{"custom_model_data":4022},"model":"modelengine:ec_demon_lord/bone2"},{"predicate":{"custom_model_data":4023},"model":"modelengine:ec_demon_lord/bone4"},{"predicate":{"custom_model_data":4024},"model":"modelengine:ec_demon_lord/bone6"},{"predicate":{"custom_model_data":4025},"model":"modelengine:ec_demon_lord/bone5"},{"predicate":{"custom_model_data":4026},"model":"modelengine:ec_demon_lord/bone15"},{"predicate":{"custom_model_data":4027},"model":"modelengine:ec_demon_lord/bone16"},{"predicate":{"custom_model_data":4028},"model":"modelengine:ec_demon_lord/bone9"},{"predicate":{"custom_model_data":4029},"model":"modelengine:ec_demon_lord/rightleg"},{"predicate":{"custom_model_data":4030},"model":"modelengine:ec_demon_lord/bone10"},{"predicate":{"custom_model_data":4031},"model":"modelengine:ec_demon_lord/bone11"},{"predicate":{"custom_model_data":4032},"model":"modelengine:ec_demon_lord/leftleg"},{"predicate":{"custom_model_data":4033},"model":"modelengine:ec_demon_lord/bone12"},{"predicate":{"custom_model_data":4034},"model":"modelengine:ec_demon_lord/bone13"},{"predicate":{"custom_model_data":4035},"model":"modelengine:ec_demon_lord/rightarm"},{"predicate":{"custom_model_data":4036},"model":"modelengine:ec_demon_lord/weapon"},{"predicate":{"custom_model_data":4037},"model":"modelengine:ec_demon_lord/bone7"},{"predicate":{"custom_model_data":4038},"model":"modelengine:ec_demon_lord/leftarm"},{"predicate":{"custom_model_data":4039},"model":"modelengine:ec_demon_lord/bone8"},{"predicate":{"custom_model_data":4040},"model":"modelengine:ec_demon_mage/body"},{"predicate":{"custom_model_data":4041},"model":"modelengine:ec_demon_mage/bone9"},{"predicate":{"custom_model_data":4042},"model":"modelengine:ec_demon_mage/head"},{"predicate":{"custom_model_data":4043},"model":"modelengine:ec_demon_mage/bone"},{"predicate":{"custom_model_data":4044},"model":"modelengine:ec_demon_mage/bone3"},{"predicate":{"custom_model_data":4045},"model":"modelengine:ec_demon_mage/rightleg"},{"predicate":{"custom_model_data":4046},"model":"modelengine:ec_demon_mage/bone7"},{"predicate":{"custom_model_data":4047},"model":"modelengine:ec_demon_mage/leftleg"},{"predicate":{"custom_model_data":4048},"model":"modelengine:ec_demon_mage/bone8"},{"predicate":{"custom_model_data":4049},"model":"modelengine:ec_demon_mage/leftarm"},{"predicate":{"custom_model_data":4050},"model":"modelengine:ec_demon_mage/bone6"},{"predicate":{"custom_model_data":4051},"model":"modelengine:ec_demon_mage/bone4"},{"predicate":{"custom_model_data":4052},"model":"modelengine:ec_demon_mage/rightarm"},{"predicate":{"custom_model_data":4053},"model":"modelengine:ec_demon_mage/bone5"},{"predicate":{"custom_model_data":4054},"model":"modelengine:ec_demon_warrior/bone9"},{"predicate":{"custom_model_data":4055},"model":"modelengine:ec_demon_warrior/head"},{"predicate":{"custom_model_data":4056},"model":"modelengine:ec_demon_warrior/bone"},{"predicate":{"custom_model_data":4057},"model":"modelengine:ec_demon_warrior/bone3"},{"predicate":{"custom_model_data":4058},"model":"modelengine:ec_demon_warrior/bone2"},{"predicate":{"custom_model_data":4059},"model":"modelengine:ec_demon_warrior/rightarm"},{"predicate":{"custom_model_data":4060},"model":"modelengine:ec_demon_warrior/bone6"},{"predicate":{"custom_model_data":4061},"model":"modelengine:ec_demon_warrior/bone5"},{"predicate":{"custom_model_data":4062},"model":"modelengine:ec_demon_warrior/leftarm"},{"predicate":{"custom_model_data":4063},"model":"modelengine:ec_demon_warrior/bone4"},{"predicate":{"custom_model_data":4064},"model":"modelengine:ec_demon_warrior/body"},{"predicate":{"custom_model_data":4065},"model":"modelengine:ec_demon_warrior/rightleg"},{"predicate":{"custom_model_data":4066},"model":"modelengine:ec_demon_warrior/bone7"},{"predicate":{"custom_model_data":4067},"model":"modelengine:ec_demon_warrior/leftleg"},{"predicate":{"custom_model_data":4068},"model":"modelengine:ec_demon_warrior/bone8"}]}