{
  "parent": "item/generated",
  "textures": {
    "layer0": "item/leather_helmet",
    "layer1": "item/leather_helmet_overlay"
  },
  "overrides": [
    {
      "predicate": {
        "custom_model_data": 3
      },
      "model": "jackpot:archangel/archangel_helmet"
    },
    {
      "predicate": {
        "custom_model_data": 10000
      },
      "model": "jackpot:hellswrath/hellswrath_helmet"
    },
    {
      "predicate": {
        "custom_model_data": 10001
      },
      "model": "jackpot:auto_generated/amethyst_helmet"
    },
    {
      "predicate": {
        "custom_model_data": 10002
      },
      "model": "jackpot:warden/warden_helmet"
    },
    {
      "predicate": {
        "custom_model_data": 10003
      },
      "model": "jackpot:auto_generated/onyx_helmet"
    },
    {
      "predicate": {
        "custom_model_data": 10004
      },
      "model": "jackpot:santa/santa_helmet"
    },
    {
      "predicate": {
        "custom_model_data": 10005
      },
      "model": "jackpot:auto_generated/orax_helmet"
    },
    {
      "predicate": {
        "custom_model_data": 10006
      },
      "model": "jackpot:auto_generated/ruby_helmet"
    },
    {
      "predicate": {
        "custom_model_data": 10008
      },
      "model": "jackpot:halloween/spooky_helmet"
    },
    {
      "predicate": {
        "custom_model_data": 10016
      },
      "model": "jackpot:ares/ares_helmet"
    },
    {"predicate": {"custom_model_data": 10017}, "model": "jackpot:vehicles/fishing_boat/fishing_boat"},
    {"predicate": {"custom_model_data": 10018}, "model": "jackpot:vehicles/speedboat/speed_boat"},
    {"predicate": {"custom_model_data": 10019}, "model": "jackpot:vehicles/tank/tank"},
    {"predicate": {"custom_model_data": 10020}, "model": "jackpot:vehicles/train/train"},
		{"predicate": {"custom_model_data": 10021}, "model": "jackpot:vehicles/train/train_wagon"}
  ]
}