{
  "parent": "item/generated",
  "textures": {
    "layer0": "item/leather_chestplate",
    "layer1": "item/leather_chestplate_overlay"
  },
  "overrides": [
    {
      "predicate": {
        "custom_model_data": 3
      },
      "model": "jackpot:archangel/archangel_chestplate"
    },
    {
      "predicate": {
        "custom_model_data": 10000
      },
      "model": "jackpot:hellswrath/hellswrath_chestplate"
    },
    {
      "predicate": {
        "custom_model_data": 10001
      },
      "model": "jackpot:auto_generated/amethyst_chestplate"
    },
    {
      "predicate": {
        "custom_model_data": 10002
      },
      "model": "jackpot:warden/warden_chestplate"
    },
    {
      "predicate": {
        "custom_model_data": 10004
      },
      "model": "jackpot:santa/santa_chestplate"
    },
    {
      "predicate": {
        "custom_model_data": 10005
      },
      "model": "jackpot:auto_generated/orax_chestplate"
    },
    {
      "predicate": {
        "custom_model_data": 10006
      },
      "model": "jackpot:auto_generated/ruby_chestplate"
    },
    {
      "predicate": {
        "custom_model_data": 10007
      },
      "model": "jackpot:stpatricksset/st_patricks_chestplate"
    },
    {
      "predicate": {
        "custom_model_data": 10008
      },
      "model": "jackpot:halloween/spooky_chestplate"
    },
    {
      "predicate": {
        "custom_model_data": 10014
      },
      "model": "minecraft:item/leather_chestplate"
    },
    {
      "predicate": {
        "custom_model_data": 10015
      },
      "model": "item/leather_chestplate"
    },
    {
      "predicate": {
        "custom_model_data": 10016
      },
      "model": "jackpot:ares/ares_chestplate"
    },
    {"predicate": {"custom_model_data": 10017}, "model": "jackpot:vehicles/excavator/excavator"},
    {"predicate": {"custom_model_data": 10018}, "model": "jackpot:vehicles/lamborghini/lamborghini"},
    {"predicate": {"custom_model_data": 10019}, "model": "jackpot:vehicles/monowheel/monowheel"},
    {"predicate": {"custom_model_data": 10020}, "model": "jackpot:vehicles/tractor/tractor_3"}
  ]
}