{"parent":"minecraft:item/template_skull",
"overrides":[
  {"predicate":{"custom_model_data":10003},"model":"iainternal:entity/player/phead_0"},
  {"predicate":{"custom_model_data":10003},"model":"iainternal:entity/player/phead_0"},
  {"predicate":{"custom_model_data":10004},"model":"iainternal:entity/player/parm_left_3"},
  {"predicate":{"custom_model_data":10004},"model":"iainternal:entity/player/parm_left_3"},
  {"predicate":{"custom_model_data":10005},"model":"iainternal:entity/player/pbody_2"},
  {"predicate":{"custom_model_data":10005},"model":"iainternal:entity/player/pbody_2"},
  {"predicate":{"custom_model_data":10006},"model":"iainternal:entity/player/pleg_left_1"},
  {"predicate":{"custom_model_data":10006},"model":"iainternal:entity/player/pleg_left_1"},
  {"predicate":{"custom_model_data":10007},"model":"iainternal:entity/player/pleg_right_5"},
  {"predicate":{"custom_model_data":10007},"model":"iainternal:entity/player/pleg_right_5"},
  {"predicate":{"custom_model_data":10008},"model":"iainternal:entity/player/parm_right_4"},
  {"predicate":{"custom_model_data":10008},"model":"iainternal:entity/player/parm_right_4"},
  {"predicate":{"custom_model_data":10009},"model":"minecraft:item/player_head"},
  {"predicate":{"custom_model_data":10010},"model":"item/player_head"}]}