{"parent":"builtin/entity","gui_light":"front",
"textures":{"particle":"block/dark_oak_planks"},"display":{
  "thirdperson_righthand":{"rotation":[0,90,0],"translation":[10,6,-4],"scale":[1,1,1]},
  "thirdperson_lefthand":{"rotation":[0,90,0],"translation":[10,6,12],"scale":[1,1,1]},
  "firstperson_righthand":{"rotation":[0,180,5],"translation":[-10,2,-10],"scale":[1.25,1.25,1.25]},
  "firstperson_lefthand":{"rotation":[0,180,5],"translation":[10,0,-10],"scale":[1.25,1.25,1.25]},
  "gui":{"rotation":[15,-25,-5],"translation":[2,3,0],"scale":[0.65,0.65,0.65]},
  "fixed":{"rotation":[0,180,0],"translation":[-2,4,-5],"scale":[0.5,0.5,0.5]},
  "ground":{"rotation":[0,0,0],"translation":[4,4,2],"scale":[0.25,0.25,0.25]}},
  "overrides":[{"predicate":{"blocking":1},"model":"item/shield_blocking"},
  {"predicate":{"blocking":1},"model":"item/shield_blocking"},
  {"predicate":{"blocking":1},"model":"item/shield_blocking"},
  {"predicate":{"custom_model_data":1},"model":"xaf:item/amethyst/amethystshield"},
  {"predicate":{"blocking":1,"custom_model_data":1},"model":"xaf:item/amethyst/amethystshield_blocking"}
  ,{"predicate":{"custom_model_data":2},"model":"itemsadder:item/ender_shield"},
  {"predicate":{"blocking":1,"custom_model_data":2},"model":"itemsadder:item/ender_shield_blocking"},
  {"predicate":{"custom_model_data":3},"model":"itemsadder:item/obsidian_shield"},
  {"predicate":{"blocking":1,"custom_model_data":3},"model":"itemsadder:item/obsidian_shield_blocking"},
  {"predicate":{"custom_model_data":4},"model":"itemsadder:item/bronze_shield"},
  {"predicate":{"blocking":1,"custom_model_data":4},"model":"itemsadder:item/bronze_shield_blocking"},
  {"predicate":{"custom_model_data":5},"model":"itemsadder:item/ruby_shield"},
  {"predicate":{"blocking":1,"custom_model_data":5},"model":"itemsadder:item/ruby_shield_blocking"},
  {"predicate":{"custom_model_data":6},"model":"itemsadder:item/spinel_shield"},
  {"predicate":{"blocking":1,"custom_model_data":6},"model":"itemsadder:item/spinel_shield_blocking"},
  {"predicate":{"custom_model_data":7},"model":"itemsadder:item/turquoise_shield"},
  {"predicate":{"blocking":1,"custom_model_data":7},"model":"itemsadder:item/turquoise_shield_blocking"},
  {"predicate":{"custom_model_data":8},"model":"itemsadder:item/fossil_shield"},
  {"predicate":{"blocking":1,"custom_model_data":8},"model":"itemsadder:item/fossil_shield_blocking"},
  {"predicate":{"custom_model_data":9},"model":"minecraft:item/shield"},
  {"predicate":{"custom_model_data":10},"model":"littleroom_vikings:viking_shield"},
  {"predicate":{"custom_model_data":10,"blocking":1},"model":"littleroom_vikings:viking_shield_blocking"},
  {"predicate":{"custom_model_data":10000},"model":"jackpot:hellswrath/hellwrath_shield"},
  {"predicate":{"blocking":1,"custom_model_data":10000},"model":"jackpot:hellswrathhellwrath_shield_blocking"},
  {"predicate":{"custom_model_data":10001},"model":"jackpot:hellswrath/hellwrath_shield"},
  {"predicate":{"blocking":1,"custom_model_data":10001},"model":"jackpot:hellswrath/hellwrath_shield_blocking"},
  {"predicate":{"custom_model_data":10002},"model":"jackpot:nebula/nebula_shield"},
  {"predicate":{"blocking":1,"custom_model_data":10002},"model":"jackpot:nebula/nebula_shield_blocking"},
  {"predicate":{"custom_model_data":10003},"model":"jackpot:stpatricksset/st_patricks_shield"},
  {"predicate":{"blocking":1,"custom_model_data":10003},"model":"jackpot:stpatricksset/st_patricks_shield_blocking"},
  {"predicate":{"custom_model_data":10010},"model":"minecraft:item/shield"},
  {"predicate": {"custom_model_data":2012}, "model":"jackpot:taloc/shields/taloc_shield"},
  {"predicate": {"custom_model_data":2012, "blocking": 1}, "model":"jackpot:taloc/shields/taloc_shield_blocking"},
  {"predicate":{"custom_model_data":10011},"model":"item/shield"}]}
