{"parent":"minecraft:item/handheld","textures":{"layer0":"minecraft:item/stick"},"overrides":[
  {"predicate":{"custom_model_data":1},"model":"littleroom_aquaticpack:mount_barreleye"},
  {"predicate":{"custom_model_data":2},"model":"littleroom_aquaticpack:mount_footballfish"},
  {"predicate":{"custom_model_data":3},"model":"littleroom_aquaticpack:mount_hammerheadshark"},
  {"predicate":{"custom_model_data":4},"model":"littleroom_aquaticpack:mount_marlin"},
  {"predicate":{"custom_model_data":5},"model":"littleroom_aquaticpack:mount_nautilus"},
  {"predicate":{"custom_model_data":10065},"model":"jackpot:auto_generated/among"},
  {"predicate":{"custom_model_data":10066},"model":"jackpot:auto_generated/1up"},
  {"predicate":{"custom_model_data":10067},"model":"minecraft:item/stick"},
  {"predicate":{"custom_model_data":10068},"model":"item/stick"}]}